unsigned char bfin_ldr[] = {
    0x01, 0x50, 0x80, 0xad, 0x00, 0x00, 0xa0, 0xff, 0x00, 0x00, 0x00, 0x00, 
    0x74, 0x57, 0x00, 0x00, 0x01, 0x00, 0xff, 0xad, 0x00, 0x00, 0x80, 0xff, 
    0x28, 0x26, 0x00, 0x00, 0xef, 0xbe, 0xad, 0xde, 0xde, 0x01, 0xa0, 0xff, 
    0xe2, 0x01, 0xa0, 0xff, 0xea, 0x01, 0xa0, 0xff, 0xe4, 0x01, 0xa0, 0xff, 
    0xe6, 0x01, 0xa0, 0xff, 0xe6, 0x01, 0xa0, 0xff, 0xe6, 0x01, 0xa0, 0xff, 
    0xea, 0x01, 0xa0, 0xff, 0xea, 0x01, 0xa0, 0xff, 0xea, 0x01, 0xa0, 0xff, 
    0x8a, 0x17, 0xa0, 0xff, 0x98, 0x17, 0xa0, 0xff, 0xa6, 0x17, 0xa0, 0xff, 
    0xb4, 0x17, 0xa0, 0xff, 0x02, 0x18, 0xa0, 0xff, 0x55, 0x6e, 0x6b, 0x6e, 
    0x6f, 0x77, 0x6e, 0x00, 0x98, 0x29, 0xa0, 0xff, 0xa8, 0x29, 0xa0, 0xff, 
    0xb8, 0x29, 0xa0, 0xff, 0x24, 0x2a, 0xa0, 0xff, 0x24, 0x2a, 0xa0, 0xff, 
    0x24, 0x2a, 0xa0, 0xff, 0xd8, 0x29, 0xa0, 0xff, 0x24, 0x2a, 0xa0, 0xff, 
    0x24, 0x2a, 0xa0, 0xff, 0x24, 0x2a, 0xa0, 0xff, 0x24, 0x2a, 0xa0, 0xff, 
    0x24, 0x2a, 0xa0, 0xff, 0x24, 0x2a, 0xa0, 0xff, 0x24, 0x2a, 0xa0, 0xff, 
    0x24, 0x2a, 0xa0, 0xff, 0x24, 0x2a, 0xa0, 0xff, 0x24, 0x2a, 0xa0, 0xff, 
    0x24, 0x2a, 0xa0, 0xff, 0x24, 0x2a, 0xa0, 0xff, 0x24, 0x2a, 0xa0, 0xff, 
    0x24, 0x2a, 0xa0, 0xff, 0x24, 0x2a, 0xa0, 0xff, 0xe4, 0x29, 0xa0, 0xff, 
    0xf4, 0x29, 0xa0, 0xff, 0xc8, 0x29, 0xa0, 0xff, 0x04, 0x2a, 0xa0, 0xff, 
    0x14, 0x2a, 0xa0, 0xff, 0x00, 0x01, 0x02, 0x02, 0x03, 0x03, 0x03, 0x03, 
    0x04, 0x04, 0x04, 0x04, 0x04, 0x04, 0x04, 0x04, 0x05, 0x05, 0x05, 0x05, 
    0x05, 0x05, 0x05, 0x05, 0x05, 0x05, 0x05, 0x05, 0x05, 0x05, 0x05, 0x05, 
    0x06, 0x06, 0x06, 0x06, 0x06, 0x06, 0x06, 0x06, 0x06, 0x06, 0x06, 0x06, 
    0x06, 0x06, 0x06, 0x06, 0x06, 0x06, 0x06, 0x06, 0x06, 0x06, 0x06, 0x06, 
    0x06, 0x06, 0x06, 0x06, 0x06, 0x06, 0x06, 0x06, 0x07, 0x07, 0x07, 0x07, 
    0x07, 0x07, 0x07, 0x07, 0x07, 0x07, 0x07, 0x07, 0x07, 0x07, 0x07, 0x07, 
    0x07, 0x07, 0x07, 0x07, 0x07, 0x07, 0x07, 0x07, 0x07, 0x07, 0x07, 0x07, 
    0x07, 0x07, 0x07, 0x07, 0x07, 0x07, 0x07, 0x07, 0x07, 0x07, 0x07, 0x07, 
    0x07, 0x07, 0x07, 0x07, 0x07, 0x07, 0x07, 0x07, 0x07, 0x07, 0x07, 0x07, 
    0x07, 0x07, 0x07, 0x07, 0x07, 0x07, 0x07, 0x07, 0x07, 0x07, 0x07, 0x07, 
    0x08, 0x08, 0x08, 0x08, 0x08, 0x08, 0x08, 0x08, 0x08, 0x08, 0x08, 0x08, 
    0x08, 0x08, 0x08, 0x08, 0x08, 0x08, 0x08, 0x08, 0x08, 0x08, 0x08, 0x08, 
    0x08, 0x08, 0x08, 0x08, 0x08, 0x08, 0x08, 0x08, 0x08, 0x08, 0x08, 0x08, 
    0x08, 0x08, 0x08, 0x08, 0x08, 0x08, 0x08, 0x08, 0x08, 0x08, 0x08, 0x08, 
    0x08, 0x08, 0x08, 0x08, 0x08, 0x08, 0x08, 0x08, 0x08, 0x08, 0x08, 0x08, 
    0x08, 0x08, 0x08, 0x08, 0x08, 0x08, 0x08, 0x08, 0x08, 0x08, 0x08, 0x08, 
    0x08, 0x08, 0x08, 0x08, 0x08, 0x08, 0x08, 0x08, 0x08, 0x08, 0x08, 0x08, 
    0x08, 0x08, 0x08, 0x08, 0x08, 0x08, 0x08, 0x08, 0x08, 0x08, 0x08, 0x08, 
    0x08, 0x08, 0x08, 0x08, 0x08, 0x08, 0x08, 0x08, 0x08, 0x08, 0x08, 0x08, 
    0x08, 0x08, 0x08, 0x08, 0x08, 0x08, 0x08, 0x08, 0x08, 0x08, 0x08, 0x08, 
    0x08, 0x08, 0x08, 0x08, 0x08, 0x08, 0x08, 0x08, 0x04, 0x22, 0x80, 0xff, 
    0x43, 0x00, 0x00, 0x00, 0x00, 0x00, 0x00, 0x00, 0xff, 0xff, 0xff, 0xff, 
    0x00, 0x00, 0x00, 0x00, 0xff, 0xff, 0xff, 0xff, 0x00, 0x00, 0x00, 0x00, 
    0x00, 0x00, 0x00, 0x00, 0x00, 0x00, 0x00, 0x00, 0x00, 0x00, 0x00, 0x00, 
    0x00, 0x00, 0x00, 0x00, 0x00, 0x00, 0x00, 0x00, 0x01, 0x00, 0x00, 0x00, 
    0x00, 0x00, 0x00, 0x00, 0x00, 0x00, 0x00, 0x00, 0x00, 0x00, 0x00, 0x00, 
    0x00, 0x00, 0x00, 0x00, 0x00, 0x00, 0x00, 0x00, 0x00, 0x00, 0x00, 0x00, 
    0x00, 0x00, 0x00, 0x00, 0x00, 0x00, 0x00, 0x00, 0x00, 0x00, 0x00, 0x00, 
    0x00, 0x00, 0x00, 0x00, 0x00, 0x00, 0x00, 0x00, 0x00, 0x00, 0x00, 0x00, 
    0x00, 0x00, 0x00, 0x00, 0x00, 0x00, 0x00, 0x00, 0x00, 0x00, 0x00, 0x00, 
    0x00, 0x00, 0x00, 0x00, 0x00, 0x00, 0x00, 0x00, 0x00, 0x00, 0x00, 0x00, 
    0x00, 0x00, 0x00, 0x00, 0x00, 0x00, 0x00, 0x00, 0x00, 0x00, 0x00, 0x00, 
    0x00, 0x00, 0x00, 0x00, 0x00, 0x00, 0x00, 0x00, 0x00, 0x00, 0x00, 0x00, 
    0x00, 0x00, 0x00, 0x00, 0x00, 0x00, 0x00, 0x00, 0x00, 0x00, 0x00, 0x00, 
    0x00, 0x00, 0x00, 0x00, 0x00, 0x00, 0x00, 0x00, 0x00, 0x00, 0x00, 0x00, 
    0x00, 0x00, 0x00, 0x00, 0x00, 0x00, 0x00, 0x00, 0x00, 0x00, 0x00, 0x00, 
    0x00, 0x00, 0x00, 0x00, 0x00, 0x00, 0x00, 0x00, 0x00, 0x00, 0x00, 0x00, 
    0x00, 0x00, 0x00, 0x00, 0x00, 0x00, 0x00, 0x00, 0x00, 0x00, 0x00, 0x00, 
    0x00, 0x00, 0x00, 0x00, 0x00, 0x00, 0x00, 0x00, 0x00, 0x00, 0x00, 0x00, 
    0x00, 0x00, 0x00, 0x00, 0x00, 0x00, 0x00, 0x00, 0x00, 0x00, 0x00, 0x00, 
    0x00, 0x00, 0x00, 0x00, 0x00, 0x00, 0x00, 0x00, 0x00, 0x00, 0x00, 0x00, 
    0x00, 0x00, 0x00, 0x00, 0x00, 0x00, 0x00, 0x00, 0x00, 0x00, 0x00, 0x00, 
    0x00, 0x00, 0x00, 0x00, 0x00, 0x00, 0x00, 0x00, 0x00, 0x00, 0x00, 0x00, 
    0x00, 0x00, 0x00, 0x00, 0x00, 0x00, 0x00, 0x00, 0x00, 0x00, 0x00, 0x00, 
    0x00, 0x00, 0x00, 0x00, 0x00, 0x00, 0x00, 0x00, 0x00, 0x00, 0x00, 0x00, 
    0x00, 0x00, 0x00, 0x00, 0x00, 0x00, 0x00, 0x00, 0x00, 0x00, 0x00, 0x00, 
    0x00, 0x00, 0x00, 0x00, 0x00, 0x00, 0x00, 0x00, 0x00, 0x00, 0x00, 0x00, 
    0x00, 0x00, 0x00, 0x00, 0x00, 0x00, 0x00, 0x00, 0x00, 0x00, 0x00, 0x00, 
    0x00, 0x00, 0x00, 0x00, 0x00, 0x00, 0x00, 0x00, 0x00, 0x00, 0x00, 0x00, 
    0x00, 0x00, 0x00, 0x00, 0x00, 0x00, 0x00, 0x00, 0x00, 0x00, 0x00, 0x00, 
    0x00, 0x00, 0x00, 0x00, 0x00, 0x00, 0x00, 0x00, 0x00, 0x00, 0x00, 0x00, 
    0x00, 0x00, 0x00, 0x00, 0x00, 0x00, 0x00, 0x00, 0x00, 0x00, 0x00, 0x00, 
    0x00, 0x00, 0x00, 0x00, 0x00, 0x00, 0x00, 0x00, 0x00, 0x00, 0x00, 0x00, 
    0x00, 0x00, 0x00, 0x00, 0x00, 0x00, 0x00, 0x00, 0x00, 0x00, 0x00, 0x00, 
    0x00, 0x00, 0x00, 0x00, 0x00, 0x00, 0x00, 0x00, 0x00, 0x00, 0x00, 0x00, 
    0x00, 0x00, 0x00, 0x00, 0x00, 0x00, 0x00, 0x00, 0x00, 0x00, 0x00, 0x00, 
    0x00, 0x00, 0x00, 0x00, 0x00, 0x00, 0x00, 0x00, 0x00, 0x00, 0x00, 0x00, 
    0x00, 0x00, 0x00, 0x00, 0x00, 0x00, 0x00, 0x00, 0x00, 0x00, 0x00, 0x00, 
    0x00, 0x00, 0x00, 0x00, 0x00, 0x00, 0x00, 0x00, 0x00, 0x00, 0x00, 0x00, 
    0x00, 0x00, 0x00, 0x00, 0x00, 0x00, 0x00, 0x00, 0x00, 0x00, 0x00, 0x00, 
    0x00, 0x00, 0x00, 0x00, 0x00, 0x00, 0x00, 0x00, 0x00, 0x00, 0x00, 0x00, 
    0x00, 0x00, 0x00, 0x00, 0x00, 0x00, 0x00, 0x00, 0x00, 0x00, 0x00, 0x00, 
    0x00, 0x00, 0x00, 0x00, 0x00, 0x00, 0x00, 0x00, 0x00, 0x00, 0x00, 0x00, 
    0x00, 0x00, 0x00, 0x00, 0x00, 0x00, 0x00, 0x00, 0x00, 0x00, 0x00, 0x00, 
    0x00, 0x00, 0x00, 0x00, 0x00, 0x00, 0x00, 0x00, 0x00, 0x00, 0x00, 0x00, 
    0x00, 0x00, 0x00, 0x00, 0x00, 0x00, 0x00, 0x00, 0x00, 0x00, 0x00, 0x00, 
    0x00, 0x00, 0x00, 0x00, 0x00, 0x00, 0x00, 0x00, 0x00, 0x00, 0x00, 0x00, 
    0x00, 0x00, 0x00, 0x00, 0x00, 0x00, 0x00, 0x00, 0x00, 0x00, 0x00, 0x00, 
    0x00, 0x00, 0x00, 0x00, 0x00, 0x00, 0x00, 0x00, 0x00, 0x00, 0x00, 0x00, 
    0x00, 0x00, 0x00, 0x00, 0x00, 0x00, 0x00, 0x00, 0x00, 0x00, 0x00, 0x00, 
    0x00, 0x00, 0x00, 0x00, 0x00, 0x00, 0x00, 0x00, 0x00, 0x00, 0x00, 0x00, 
    0x00, 0x00, 0x00, 0x00, 0x00, 0x00, 0x00, 0x00, 0x00, 0x00, 0x00, 0x00, 
    0x00, 0x00, 0x00, 0x00, 0x00, 0x00, 0x00, 0x00, 0x00, 0x00, 0x00, 0x00, 
    0x00, 0x00, 0x00, 0x00, 0x00, 0x00, 0x00, 0x00, 0x00, 0x00, 0x00, 0x00, 
    0x00, 0x00, 0x00, 0x00, 0x00, 0x00, 0x00, 0x00, 0x00, 0x00, 0x00, 0x00, 
    0x00, 0x00, 0x00, 0x00, 0x00, 0x00, 0x00, 0x00, 0x00, 0x00, 0x00, 0x00, 
    0x00, 0x00, 0x00, 0x00, 0x00, 0x00, 0x00, 0x00, 0x00, 0x00, 0x00, 0x00, 
    0x00, 0x00, 0x00, 0x00, 0x00, 0x00, 0x00, 0x00, 0x00, 0x00, 0x00, 0x00, 
    0x00, 0x00, 0x00, 0x00, 0x00, 0x00, 0x00, 0x00, 0x00, 0x00, 0x00, 0x00, 
    0x00, 0x00, 0x00, 0x00, 0x00, 0x00, 0x00, 0x00, 0x00, 0x00, 0x00, 0x00, 
    0x00, 0x00, 0x00, 0x00, 0x00, 0x00, 0x00, 0x00, 0x00, 0x00, 0x00, 0x00, 
    0x00, 0x00, 0x00, 0x00, 0x00, 0x00, 0x00, 0x00, 0x00, 0x00, 0x00, 0x00, 
    0x00, 0x00, 0x00, 0x00, 0x00, 0x00, 0x00, 0x00, 0x00, 0x00, 0x00, 0x00, 
    0x00, 0x00, 0x00, 0x00, 0x00, 0x00, 0x00, 0x00, 0x00, 0x00, 0x00, 0x00, 
    0x00, 0x00, 0x00, 0x00, 0x00, 0x00, 0x00, 0x00, 0x00, 0x00, 0x00, 0x00, 
    0x00, 0x00, 0x00, 0x00, 0x00, 0x00, 0x00, 0x00, 0x00, 0x00, 0x00, 0x00, 
    0x00, 0x00, 0x00, 0x00, 0x00, 0x00, 0x00, 0x00, 0x00, 0x00, 0x00, 0x00, 
    0x00, 0x00, 0x00, 0x00, 0x00, 0x00, 0x00, 0x00, 0x00, 0x00, 0x00, 0x00, 
    0x00, 0x00, 0x00, 0x00, 0x00, 0x00, 0x00, 0x00, 0x00, 0x00, 0x00, 0x00, 
    0x00, 0x00, 0x00, 0x00, 0x00, 0x00, 0x00, 0x00, 0x00, 0x00, 0x00, 0x00, 
    0x00, 0x00, 0x00, 0x00, 0x00, 0x00, 0x00, 0x00, 0x00, 0x00, 0x00, 0x00, 
    0x00, 0x00, 0x00, 0x00, 0x00, 0x00, 0x00, 0x00, 0x00, 0x00, 0x00, 0x00, 
    0x00, 0x00, 0x00, 0x00, 0x00, 0x00, 0x00, 0x00, 0x00, 0x00, 0x00, 0x00, 
    0x00, 0x00, 0x00, 0x00, 0x00, 0x00, 0x00, 0x00, 0x00, 0x00, 0x00, 0x00, 
    0x00, 0x00, 0x00, 0x00, 0x00, 0x00, 0x00, 0x00, 0x00, 0x00, 0x00, 0x00, 
    0x00, 0x00, 0x00, 0x00, 0x00, 0x00, 0x00, 0x00, 0x00, 0x00, 0x00, 0x00, 
    0x00, 0x00, 0x00, 0x00, 0x00, 0x00, 0x00, 0x00, 0x00, 0x00, 0x00, 0x00, 
    0x00, 0x00, 0x00, 0x00, 0x00, 0x00, 0x00, 0x00, 0x00, 0x00, 0x00, 0x00, 
    0x00, 0x00, 0x00, 0x00, 0x00, 0x00, 0x00, 0x00, 0x00, 0x00, 0x00, 0x00, 
    0x00, 0x00, 0x00, 0x00, 0x00, 0x00, 0x00, 0x00, 0x00, 0x00, 0x00, 0x00, 
    0x00, 0x00, 0x00, 0x00, 0x00, 0x00, 0x00, 0x00, 0x00, 0x00, 0x00, 0x00, 
    0x00, 0x00, 0x00, 0x00, 0x00, 0x00, 0x00, 0x00, 0x00, 0x00, 0x00, 0x00, 
    0x00, 0x00, 0x00, 0x00, 0x00, 0x00, 0x00, 0x00, 0x00, 0x00, 0x00, 0x00, 
    0x00, 0x00, 0x00, 0x00, 0x00, 0x00, 0x00, 0x00, 0x00, 0x00, 0x00, 0x00, 
    0x00, 0x00, 0x00, 0x00, 0x00, 0x00, 0x00, 0x00, 0x00, 0x00, 0x00, 0x00, 
    0x00, 0x00, 0x00, 0x00, 0x00, 0x00, 0x00, 0x00, 0x00, 0x00, 0x00, 0x00, 
    0x00, 0x00, 0x00, 0x00, 0x00, 0x00, 0x00, 0x00, 0x00, 0x00, 0x00, 0x00, 
    0x00, 0x00, 0x00, 0x00, 0x00, 0x00, 0x00, 0x00, 0x00, 0x00, 0x00, 0x00, 
    0x00, 0x00, 0x00, 0x00, 0x00, 0x00, 0x00, 0x00, 0x00, 0x00, 0x00, 0x00, 
    0x00, 0x00, 0x00, 0x00, 0x00, 0x00, 0x00, 0x00, 0x00, 0x00, 0x00, 0x00, 
    0x00, 0x00, 0x00, 0x00, 0x00, 0x00, 0x00, 0x00, 0x00, 0x00, 0x00, 0x00, 
    0x00, 0x00, 0x00, 0x00, 0x00, 0x00, 0x00, 0x00, 0x00, 0x00, 0x00, 0x00, 
    0x00, 0x00, 0x00, 0x00, 0x00, 0x00, 0x00, 0x00, 0x00, 0x00, 0x00, 0x00, 
    0x00, 0x00, 0x00, 0x00, 0x00, 0x00, 0x00, 0x00, 0x00, 0x00, 0x00, 0x00, 
    0x00, 0x00, 0x00, 0x00, 0x00, 0x00, 0x00, 0x00, 0x00, 0x00, 0x00, 0x00, 
    0x00, 0x00, 0x00, 0x00, 0x00, 0x00, 0x00, 0x00, 0x00, 0x00, 0x00, 0x00, 
    0x00, 0x00, 0x00, 0x00, 0x00, 0x00, 0x00, 0x00, 0x00, 0x00, 0x00, 0x00, 
    0x00, 0x00, 0x00, 0x00, 0x00, 0x00, 0x00, 0x00, 0x00, 0x00, 0x00, 0x00, 
    0x00, 0x00, 0x00, 0x00, 0x00, 0x00, 0x00, 0x00, 0x00, 0x00, 0x00, 0x00, 
    0x00, 0x00, 0x00, 0x00, 0x00, 0x00, 0x00, 0x00, 0x00, 0x00, 0x00, 0x00, 
    0x00, 0x00, 0x00, 0x00, 0x00, 0x00, 0x00, 0x00, 0x00, 0x00, 0x00, 0x00, 
    0x00, 0x00, 0x00, 0x00, 0x00, 0x00, 0x00, 0x00, 0x00, 0x00, 0x00, 0x00, 
    0x00, 0x00, 0x00, 0x00, 0x00, 0x00, 0x00, 0x00, 0x00, 0x00, 0x00, 0x00, 
    0x00, 0x00, 0x00, 0x00, 0x00, 0x00, 0x00, 0x00, 0x00, 0x00, 0x00, 0x00, 
    0x00, 0x00, 0x00, 0x00, 0x00, 0x00, 0x00, 0x00, 0x00, 0x00, 0x00, 0x00, 
    0x00, 0x00, 0x00, 0x00, 0x00, 0x00, 0x00, 0x00, 0x00, 0x00, 0x00, 0x00, 
    0x00, 0x00, 0x00, 0x00, 0x00, 0x00, 0x00, 0x00, 0x00, 0x00, 0x00, 0x00, 
    0x00, 0x00, 0x00, 0x00, 0x00, 0x00, 0x00, 0x00, 0x00, 0x00, 0x00, 0x00, 
    0x00, 0x00, 0x00, 0x00, 0x00, 0x00, 0x00, 0x00, 0x00, 0x00, 0x00, 0x00, 
    0x00, 0x00, 0x00, 0x00, 0x00, 0x00, 0x00, 0x00, 0x00, 0x00, 0x00, 0x00, 
    0x00, 0x00, 0x00, 0x00, 0x00, 0x00, 0x00, 0x00, 0x00, 0x00, 0x00, 0x00, 
    0x00, 0x00, 0x00, 0x00, 0x00, 0x00, 0x00, 0x00, 0x00, 0x00, 0x00, 0x00, 
    0x00, 0x00, 0x00, 0x00, 0x00, 0x00, 0x00, 0x00, 0x00, 0x00, 0x00, 0x00, 
    0x00, 0x00, 0x00, 0x00, 0x00, 0x00, 0x00, 0x00, 0x00, 0x00, 0x00, 0x00, 
    0x00, 0x00, 0x00, 0x00, 0x00, 0x00, 0x00, 0x00, 0x00, 0x00, 0x00, 0x00, 
    0x00, 0x00, 0x00, 0x00, 0x00, 0x00, 0x00, 0x00, 0x00, 0x00, 0x00, 0x00, 
    0x00, 0x00, 0x00, 0x00, 0x00, 0x00, 0x00, 0x00, 0x00, 0x00, 0x00, 0x00, 
    0x00, 0x00, 0x00, 0x00, 0x00, 0x00, 0x00, 0x00, 0x00, 0x00, 0x00, 0x00, 
    0x00, 0x00, 0x00, 0x00, 0x00, 0x00, 0x00, 0x00, 0x00, 0x00, 0x00, 0x00, 
    0x00, 0x00, 0x00, 0x00, 0x00, 0x00, 0x00, 0x00, 0x00, 0x00, 0x00, 0x00, 
    0x00, 0x00, 0x00, 0x00, 0x00, 0x00, 0x00, 0x00, 0x00, 0x00, 0x00, 0x00, 
    0x00, 0x00, 0x00, 0x00, 0x00, 0x00, 0x00, 0x00, 0x00, 0x00, 0x00, 0x00, 
    0x00, 0x00, 0x00, 0x00, 0x00, 0x00, 0x00, 0x00, 0x00, 0x00, 0x00, 0x00, 
    0x00, 0x00, 0x00, 0x00, 0x00, 0x00, 0x00, 0x00, 0x00, 0x00, 0x00, 0x00, 
    0x00, 0x00, 0x00, 0x00, 0x00, 0x00, 0x00, 0x00, 0x00, 0x00, 0x00, 0x00, 
    0x00, 0x00, 0x00, 0x00, 0x00, 0x00, 0x00, 0x00, 0x00, 0x00, 0x00, 0x00, 
    0x00, 0x00, 0x00, 0x00, 0x00, 0x00, 0x00, 0x00, 0x00, 0x00, 0x00, 0x00, 
    0x00, 0x00, 0x00, 0x00, 0x00, 0x00, 0x00, 0x00, 0x00, 0x00, 0x00, 0x00, 
    0x00, 0x00, 0x00, 0x00, 0x00, 0x00, 0x00, 0x00, 0x00, 0x00, 0x00, 0x00, 
    0x00, 0x00, 0x00, 0x00, 0x00, 0x00, 0x00, 0x00, 0x00, 0x00, 0x00, 0x00, 
    0x00, 0x00, 0x00, 0x00, 0x00, 0x00, 0x00, 0x00, 0x00, 0x00, 0x00, 0x00, 
    0x00, 0x00, 0x00, 0x00, 0x00, 0x00, 0x00, 0x00, 0x00, 0x00, 0x00, 0x00, 
    0x00, 0x00, 0x00, 0x00, 0x00, 0x00, 0x00, 0x00, 0x00, 0x00, 0x00, 0x00, 
    0x00, 0x00, 0x00, 0x00, 0x00, 0x00, 0x00, 0x00, 0x00, 0x00, 0x00, 0x00, 
    0x00, 0x00, 0x00, 0x00, 0x00, 0x00, 0x00, 0x00, 0x00, 0x00, 0x00, 0x00, 
    0x00, 0x00, 0x00, 0x00, 0x00, 0x00, 0x00, 0x00, 0x00, 0x00, 0x00, 0x00, 
    0x00, 0x00, 0x00, 0x00, 0x00, 0x00, 0x00, 0x00, 0x00, 0x00, 0x00, 0x00, 
    0x00, 0x00, 0x00, 0x00, 0x00, 0x00, 0x00, 0x00, 0x00, 0x00, 0x00, 0x00, 
    0x00, 0x00, 0x00, 0x00, 0x00, 0x00, 0x00, 0x00, 0x00, 0x00, 0x00, 0x00, 
    0x00, 0x00, 0x00, 0x00, 0x00, 0x00, 0x00, 0x00, 0x00, 0x00, 0x00, 0x00, 
    0x00, 0x00, 0x00, 0x00, 0x00, 0x00, 0x00, 0x00, 0x00, 0x00, 0x00, 0x00, 
    0x00, 0x00, 0x00, 0x00, 0x00, 0x00, 0x00, 0x00, 0x00, 0x00, 0x00, 0x00, 
    0x00, 0x00, 0x00, 0x00, 0x00, 0x00, 0x00, 0x00, 0x00, 0x00, 0x00, 0x00, 
    0x00, 0x00, 0x00, 0x00, 0x00, 0x00, 0x00, 0x00, 0x00, 0x00, 0x00, 0x00, 
    0x00, 0x00, 0x00, 0x00, 0x00, 0x00, 0x00, 0x00, 0x00, 0x00, 0x00, 0x00, 
    0x00, 0x00, 0x00, 0x00, 0x00, 0x00, 0x00, 0x00, 0x00, 0x00, 0x00, 0x00, 
    0x00, 0x00, 0x00, 0x00, 0x00, 0x00, 0x00, 0x00, 0x00, 0x00, 0x00, 0x00, 
    0x00, 0x00, 0x00, 0x00, 0x00, 0x00, 0x00, 0x00, 0x00, 0x00, 0x00, 0x00, 
    0x00, 0x00, 0x00, 0x00, 0x00, 0x00, 0x00, 0x00, 0x00, 0x00, 0x00, 0x00, 
    0x00, 0x00, 0x00, 0x00, 0x00, 0x00, 0x00, 0x00, 0x00, 0x00, 0x00, 0x00, 
    0x00, 0x00, 0x00, 0x00, 0x00, 0x00, 0x00, 0x00, 0x00, 0x00, 0x00, 0x00, 
    0x00, 0x00, 0x00, 0x00, 0x00, 0x00, 0x00, 0x00, 0x00, 0x00, 0x00, 0x00, 
    0x00, 0x00, 0x00, 0x00, 0x00, 0x00, 0x00, 0x00, 0x00, 0x00, 0x00, 0x00, 
    0x00, 0x00, 0x00, 0x00, 0x00, 0x00, 0x00, 0x00, 0x00, 0x00, 0x00, 0x00, 
    0x00, 0x00, 0x00, 0x00, 0x00, 0x00, 0x00, 0x00, 0x00, 0x00, 0x00, 0x00, 
    0x00, 0x00, 0x00, 0x00, 0x00, 0x00, 0x00, 0x00, 0x00, 0x00, 0x00, 0x00, 
    0x00, 0x00, 0x00, 0x00, 0x00, 0x00, 0x00, 0x00, 0x00, 0x00, 0x00, 0x00, 
    0x00, 0x00, 0x00, 0x00, 0x00, 0x00, 0x00, 0x00, 0x00, 0x00, 0x00, 0x00, 
    0x00, 0x00, 0x00, 0x00, 0x00, 0x00, 0x00, 0x00, 0x00, 0x00, 0x00, 0x00, 
    0x00, 0x00, 0x00, 0x00, 0x00, 0x00, 0x00, 0x00, 0x00, 0x00, 0x00, 0x00, 
    0x00, 0x00, 0x00, 0x00, 0x00, 0x00, 0x00, 0x00, 0x00, 0x00, 0x00, 0x00, 
    0x00, 0x00, 0x00, 0x00, 0x00, 0x00, 0x00, 0x00, 0x00, 0x00, 0x00, 0x00, 
    0x00, 0x00, 0x00, 0x00, 0x00, 0x00, 0x00, 0x00, 0x00, 0x00, 0x00, 0x00, 
    0x00, 0x00, 0x00, 0x00, 0x00, 0x00, 0x00, 0x00, 0x00, 0x00, 0x00, 0x00, 
    0x00, 0x00, 0x00, 0x00, 0x00, 0x00, 0x00, 0x00, 0x00, 0x00, 0x00, 0x00, 
    0x00, 0x00, 0x00, 0x00, 0x00, 0x00, 0x00, 0x00, 0x00, 0x00, 0x00, 0x00, 
    0x00, 0x00, 0x00, 0x00, 0x00, 0x00, 0x00, 0x00, 0x00, 0x00, 0x00, 0x00, 
    0x00, 0x00, 0x00, 0x00, 0x00, 0x00, 0x00, 0x00, 0x00, 0x00, 0x00, 0x00, 
    0x00, 0x00, 0x00, 0x00, 0x00, 0x00, 0x00, 0x00, 0x00, 0x00, 0x00, 0x00, 
    0x00, 0x00, 0x00, 0x00, 0x00, 0x00, 0x00, 0x00, 0x00, 0x00, 0x00, 0x00, 
    0x00, 0x00, 0x00, 0x00, 0x00, 0x00, 0x00, 0x00, 0x00, 0x00, 0x00, 0x00, 
    0x00, 0x00, 0x00, 0x00, 0x00, 0x00, 0x00, 0x00, 0x00, 0x00, 0x00, 0x00, 
    0x00, 0x00, 0x00, 0x00, 0x00, 0x00, 0x00, 0x00, 0x00, 0x00, 0x00, 0x00, 
    0x00, 0x00, 0x00, 0x00, 0x00, 0x00, 0x00, 0x00, 0x00, 0x00, 0x00, 0x00, 
    0x00, 0x00, 0x00, 0x00, 0x00, 0x00, 0x00, 0x00, 0x00, 0x00, 0x00, 0x00, 
    0x00, 0x00, 0x00, 0x00, 0x00, 0x00, 0x00, 0x00, 0x00, 0x00, 0x00, 0x00, 
    0x00, 0x00, 0x00, 0x00, 0x00, 0x00, 0x00, 0x00, 0x00, 0x00, 0x00, 0x00, 
    0x00, 0x00, 0x00, 0x00, 0x00, 0x00, 0x00, 0x00, 0x00, 0x00, 0x00, 0x00, 
    0x00, 0x00, 0x00, 0x00, 0x00, 0x00, 0x00, 0x00, 0x00, 0x00, 0x00, 0x00, 
    0x00, 0x00, 0x00, 0x00, 0x00, 0x00, 0x00, 0x00, 0x00, 0x00, 0x00, 0x00, 
    0x00, 0x00, 0x00, 0x00, 0x00, 0x00, 0x00, 0x00, 0x00, 0x00, 0x00, 0x00, 
    0x00, 0x00, 0x00, 0x00, 0x00, 0x00, 0x00, 0x00, 0x00, 0x00, 0x00, 0x00, 
    0x00, 0x00, 0x00, 0x00, 0x00, 0x00, 0x00, 0x00, 0x00, 0x00, 0x00, 0x00, 
    0x00, 0x00, 0x00, 0x00, 0x00, 0x00, 0x00, 0x00, 0x00, 0x00, 0x00, 0x00, 
    0x00, 0x00, 0x00, 0x00, 0x00, 0x00, 0x00, 0x00, 0x00, 0x00, 0x00, 0x00, 
    0x00, 0x00, 0x00, 0x00, 0x00, 0x00, 0x00, 0x00, 0x00, 0x00, 0x00, 0x00, 
    0x00, 0x00, 0x00, 0x00, 0x00, 0x00, 0x00, 0x00, 0x00, 0x00, 0x00, 0x00, 
    0x00, 0x00, 0x00, 0x00, 0x00, 0x00, 0x00, 0x00, 0x00, 0x00, 0x00, 0x00, 
    0x00, 0x00, 0x00, 0x00, 0x00, 0x00, 0x00, 0x00, 0x00, 0x00, 0x00, 0x00, 
    0x00, 0x00, 0x00, 0x00, 0x00, 0x00, 0x00, 0x00, 0x00, 0x00, 0x00, 0x00, 
    0x00, 0x00, 0x00, 0x00, 0x00, 0x00, 0x00, 0x00, 0x00, 0x00, 0x00, 0x00, 
    0x00, 0x00, 0x00, 0x00, 0x00, 0x00, 0x00, 0x00, 0x00, 0x00, 0x00, 0x00, 
    0x00, 0x00, 0x00, 0x00, 0x00, 0x00, 0x00, 0x00, 0x00, 0x00, 0x00, 0x00, 
    0x00, 0x00, 0x00, 0x00, 0x00, 0x00, 0x00, 0x00, 0x00, 0x00, 0x00, 0x00, 
    0x00, 0x00, 0x00, 0x00, 0x00, 0x00, 0x00, 0x00, 0x00, 0x00, 0x00, 0x00, 
    0x00, 0x00, 0x00, 0x00, 0x00, 0x00, 0x00, 0x00, 0x00, 0x00, 0x00, 0x00, 
    0x00, 0x00, 0x00, 0x00, 0x00, 0x00, 0x00, 0x00, 0x00, 0x00, 0x00, 0x00, 
    0x00, 0x00, 0x00, 0x00, 0x00, 0x00, 0x00, 0x00, 0x00, 0x00, 0x00, 0x00, 
    0x00, 0x00, 0x00, 0x00, 0x00, 0x00, 0x00, 0x00, 0x00, 0x00, 0x00, 0x00, 
    0x00, 0x00, 0x00, 0x00, 0x00, 0x00, 0x00, 0x00, 0x00, 0x00, 0x00, 0x00, 
    0x00, 0x00, 0x00, 0x00, 0x00, 0x00, 0x00, 0x00, 0x00, 0x00, 0x00, 0x00, 
    0x00, 0x00, 0x00, 0x00, 0x00, 0x00, 0x00, 0x00, 0x00, 0x00, 0x00, 0x00, 
    0x00, 0x00, 0x00, 0x00, 0x00, 0x00, 0x00, 0x00, 0x00, 0x00, 0x00, 0x00, 
    0x00, 0x00, 0x00, 0x00, 0x00, 0x00, 0x00, 0x00, 0x00, 0x00, 0x00, 0x00, 
    0x00, 0x00, 0x00, 0x00, 0x00, 0x00, 0x00, 0x00, 0x00, 0x00, 0x00, 0x00, 
    0x00, 0x00, 0x00, 0x00, 0x00, 0x00, 0x00, 0x00, 0x00, 0x00, 0x00, 0x00, 
    0x00, 0x00, 0x00, 0x00, 0x00, 0x00, 0x00, 0x00, 0x00, 0x00, 0x00, 0x00, 
    0x00, 0x00, 0x00, 0x00, 0x00, 0x00, 0x00, 0x00, 0x00, 0x00, 0x00, 0x00, 
    0x00, 0x00, 0x00, 0x00, 0x00, 0x00, 0x00, 0x00, 0x00, 0x00, 0x00, 0x00, 
    0x00, 0x00, 0x00, 0x00, 0x00, 0x00, 0x00, 0x00, 0x00, 0x00, 0x00, 0x00, 
    0x00, 0x00, 0x00, 0x00, 0x00, 0x00, 0x00, 0x00, 0x00, 0x00, 0x00, 0x00, 
    0x00, 0x00, 0x00, 0x00, 0x00, 0x00, 0x00, 0x00, 0x00, 0x00, 0x00, 0x00, 
    0x00, 0x00, 0x00, 0x00, 0x00, 0x00, 0x00, 0x00, 0x00, 0x00, 0x00, 0x00, 
    0x00, 0x00, 0x00, 0x00, 0x00, 0x00, 0x00, 0x00, 0x00, 0x00, 0x00, 0x00, 
    0x00, 0x00, 0x00, 0x00, 0x00, 0x00, 0x00, 0x00, 0x00, 0x00, 0x00, 0x00, 
    0x00, 0x00, 0x00, 0x00, 0x00, 0x00, 0x00, 0x00, 0x00, 0x00, 0x00, 0x00, 
    0x00, 0x00, 0x00, 0x00, 0x00, 0x00, 0x00, 0x00, 0x00, 0x00, 0x00, 0x00, 
    0x00, 0x00, 0x00, 0x00, 0x00, 0x00, 0x00, 0x00, 0x00, 0x00, 0x00, 0x00, 
    0x00, 0x00, 0x00, 0x00, 0x00, 0x00, 0x00, 0x00, 0x00, 0x00, 0x00, 0x00, 
    0x00, 0x00, 0x00, 0x00, 0x00, 0x00, 0x00, 0x00, 0x00, 0x00, 0x00, 0x00, 
    0x00, 0x00, 0x00, 0x00, 0x00, 0x00, 0x00, 0x00, 0x00, 0x00, 0x00, 0x00, 
    0x00, 0x00, 0x00, 0x00, 0x00, 0x00, 0x00, 0x00, 0x00, 0x00, 0x00, 0x00, 
    0x00, 0x00, 0x00, 0x00, 0x00, 0x00, 0x00, 0x00, 0x00, 0x00, 0x00, 0x00, 
    0x00, 0x00, 0x00, 0x00, 0x00, 0x00, 0x00, 0x00, 0x00, 0x00, 0x00, 0x00, 
    0x00, 0x00, 0x00, 0x00, 0x00, 0x00, 0x00, 0x00, 0x00, 0x00, 0x00, 0x00, 
    0x00, 0x00, 0x00, 0x00, 0x00, 0x00, 0x00, 0x00, 0x00, 0x00, 0x00, 0x00, 
    0x00, 0x00, 0x00, 0x00, 0x00, 0x00, 0x00, 0x00, 0x00, 0x00, 0x00, 0x00, 
    0x00, 0x00, 0x00, 0x00, 0x00, 0x00, 0x00, 0x00, 0x00, 0x00, 0x00, 0x00, 
    0x00, 0x00, 0x00, 0x00, 0x00, 0x00, 0x00, 0x00, 0x00, 0x00, 0x00, 0x00, 
    0x00, 0x00, 0x00, 0x00, 0x00, 0x00, 0x00, 0x00, 0x00, 0x00, 0x00, 0x00, 
    0x00, 0x00, 0x00, 0x00, 0x00, 0x00, 0x00, 0x00, 0x00, 0x00, 0x00, 0x00, 
    0x00, 0x00, 0x00, 0x00, 0x00, 0x00, 0x00, 0x00, 0x00, 0x00, 0x00, 0x00, 
    0x00, 0x00, 0x00, 0x00, 0x00, 0x00, 0x00, 0x00, 0x00, 0x00, 0x00, 0x00, 
    0x00, 0x00, 0x00, 0x00, 0x00, 0x00, 0x00, 0x00, 0x00, 0x00, 0x00, 0x00, 
    0x00, 0x00, 0x00, 0x00, 0x00, 0x00, 0x00, 0x00, 0x00, 0x00, 0x00, 0x00, 
    0x00, 0x00, 0x00, 0x00, 0x00, 0x00, 0x00, 0x00, 0x00, 0x00, 0x00, 0x00, 
    0x00, 0x00, 0x00, 0x00, 0x00, 0x00, 0x00, 0x00, 0x00, 0x00, 0x00, 0x00, 
    0x00, 0x00, 0x00, 0x00, 0x00, 0x00, 0x00, 0x00, 0x00, 0x00, 0x00, 0x00, 
    0x00, 0x00, 0x00, 0x00, 0x00, 0x00, 0x00, 0x00, 0x00, 0x00, 0x00, 0x00, 
    0x00, 0x00, 0x00, 0x00, 0x00, 0x00, 0x00, 0x00, 0x00, 0x00, 0x00, 0x00, 
    0x00, 0x00, 0x00, 0x00, 0x00, 0x00, 0x00, 0x00, 0x00, 0x00, 0x00, 0x00, 
    0x00, 0x00, 0x00, 0x00, 0x00, 0x00, 0x00, 0x00, 0x00, 0x00, 0x00, 0x00, 
    0x00, 0x00, 0x00, 0x00, 0x00, 0x00, 0x00, 0x00, 0x00, 0x00, 0x00, 0x00, 
    0x00, 0x00, 0x00, 0x00, 0x00, 0x00, 0x00, 0x00, 0x00, 0x00, 0x00, 0x00, 
    0x00, 0x00, 0x00, 0x00, 0x00, 0x00, 0x00, 0x00, 0x00, 0x00, 0x00, 0x00, 
    0x00, 0x00, 0x00, 0x00, 0x00, 0x00, 0x00, 0x00, 0x00, 0x00, 0x00, 0x00, 
    0x00, 0x00, 0x00, 0x00, 0x00, 0x00, 0x00, 0x00, 0x00, 0x00, 0x00, 0x00, 
    0x00, 0x00, 0x00, 0x00, 0x00, 0x00, 0x00, 0x00, 0x00, 0x00, 0x00, 0x00, 
    0x00, 0x00, 0x00, 0x00, 0x00, 0x00, 0x00, 0x00, 0x00, 0x00, 0x00, 0x00, 
    0x00, 0x00, 0x00, 0x00, 0x00, 0x00, 0x00, 0x00, 0x00, 0x00, 0x00, 0x00, 
    0x00, 0x00, 0x00, 0x00, 0x00, 0x00, 0x00, 0x00, 0x00, 0x00, 0x00, 0x00, 
    0x00, 0x00, 0x00, 0x00, 0x00, 0x00, 0x00, 0x00, 0x00, 0x00, 0x00, 0x00, 
    0x00, 0x00, 0x00, 0x00, 0x00, 0x00, 0x00, 0x00, 0x00, 0x00, 0x00, 0x00, 
    0x00, 0x00, 0x00, 0x00, 0x00, 0x00, 0x00, 0x00, 0x00, 0x00, 0x00, 0x00, 
    0x00, 0x00, 0x00, 0x00, 0x00, 0x00, 0x00, 0x00, 0x00, 0x00, 0x00, 0x00, 
    0x00, 0x00, 0x00, 0x00, 0x00, 0x00, 0x00, 0x00, 0x00, 0x00, 0x00, 0x00, 
    0x00, 0x00, 0x00, 0x00, 0x00, 0x00, 0x00, 0x00, 0x00, 0x00, 0x00, 0x00, 
    0x00, 0x00, 0x00, 0x00, 0x00, 0x00, 0x00, 0x00, 0x00, 0x00, 0x00, 0x00, 
    0x00, 0x00, 0x00, 0x00, 0x00, 0x00, 0x00, 0x00, 0x00, 0x00, 0x00, 0x00, 
    0x00, 0x00, 0x00, 0x00, 0x00, 0x00, 0x00, 0x00, 0x00, 0x00, 0x00, 0x00, 
    0x00, 0x00, 0x00, 0x00, 0x00, 0x00, 0x00, 0x00, 0x00, 0x00, 0x00, 0x00, 
    0x00, 0x00, 0x00, 0x00, 0x00, 0x00, 0x00, 0x00, 0x00, 0x00, 0x00, 0x00, 
    0x00, 0x00, 0x00, 0x00, 0x00, 0x00, 0x00, 0x00, 0x00, 0x00, 0x00, 0x00, 
    0x00, 0x00, 0x00, 0x00, 0x00, 0x00, 0x00, 0x00, 0x00, 0x00, 0x00, 0x00, 
    0x00, 0x00, 0x00, 0x00, 0x00, 0x00, 0x00, 0x00, 0x00, 0x00, 0x00, 0x00, 
    0x00, 0x00, 0x00, 0x00, 0x00, 0x00, 0x00, 0x00, 0x00, 0x00, 0x00, 0x00, 
    0x00, 0x00, 0x00, 0x00, 0x00, 0x00, 0x00, 0x00, 0x00, 0x00, 0x00, 0x00, 
    0x00, 0x00, 0x00, 0x00, 0x00, 0x00, 0x00, 0x00, 0x00, 0x00, 0x00, 0x00, 
    0x00, 0x00, 0x00, 0x00, 0x00, 0x00, 0x00, 0x00, 0x00, 0x00, 0x00, 0x00, 
    0x00, 0x00, 0x00, 0x00, 0x00, 0x00, 0x00, 0x00, 0x00, 0x00, 0x00, 0x00, 
    0x00, 0x00, 0x00, 0x00, 0x00, 0x00, 0x00, 0x00, 0x00, 0x00, 0x00, 0x00, 
    0x00, 0x00, 0x00, 0x00, 0x00, 0x00, 0x00, 0x00, 0x00, 0x00, 0x00, 0x00, 
    0x00, 0x00, 0x00, 0x00, 0x00, 0x00, 0x00, 0x00, 0x00, 0x00, 0x00, 0x00, 
    0x00, 0x00, 0x00, 0x00, 0x00, 0x00, 0x00, 0x00, 0x00, 0x00, 0x00, 0x00, 
    0x00, 0x00, 0x00, 0x00, 0x00, 0x00, 0x00, 0x00, 0x00, 0x00, 0x00, 0x00, 
    0x00, 0x00, 0x00, 0x00, 0x00, 0x00, 0x00, 0x00, 0x00, 0x00, 0x00, 0x00, 
    0x00, 0x00, 0x00, 0x00, 0x00, 0x00, 0x00, 0x00, 0x00, 0x00, 0x00, 0x00, 
    0x00, 0x00, 0x00, 0x00, 0x00, 0x00, 0x00, 0x00, 0x00, 0x00, 0x00, 0x00, 
    0x00, 0x00, 0x00, 0x00, 0x00, 0x00, 0x00, 0x00, 0x00, 0x00, 0x00, 0x00, 
    0x00, 0x00, 0x00, 0x00, 0x00, 0x00, 0x00, 0x00, 0x00, 0x00, 0x00, 0x00, 
    0x00, 0x00, 0x00, 0x00, 0x00, 0x00, 0x00, 0x00, 0x00, 0x00, 0x00, 0x00, 
    0x00, 0x00, 0x00, 0x00, 0x00, 0x00, 0x00, 0x00, 0x00, 0x00, 0x00, 0x00, 
    0x00, 0x00, 0x00, 0x00, 0x00, 0x00, 0x00, 0x00, 0x00, 0x00, 0x00, 0x00, 
    0x00, 0x00, 0x00, 0x00, 0x00, 0x00, 0x00, 0x00, 0x00, 0x00, 0x00, 0x00, 
    0x00, 0x00, 0x00, 0x00, 0x00, 0x00, 0x00, 0x00, 0x00, 0x00, 0x00, 0x00, 
    0x00, 0x00, 0x00, 0x00, 0x00, 0x00, 0x00, 0x00, 0x00, 0x00, 0x00, 0x00, 
    0x00, 0x00, 0x00, 0x00, 0x00, 0x00, 0x00, 0x00, 0x00, 0x00, 0x00, 0x00, 
    0x00, 0x00, 0x00, 0x00, 0x00, 0x00, 0x00, 0x00, 0x00, 0x00, 0x00, 0x00, 
    0x00, 0x00, 0x00, 0x00, 0x00, 0x00, 0x00, 0x00, 0x00, 0x00, 0x00, 0x00, 
    0x00, 0x00, 0x00, 0x00, 0x00, 0x00, 0x00, 0x00, 0x00, 0x00, 0x00, 0x00, 
    0x00, 0x00, 0x00, 0x00, 0x00, 0x00, 0x00, 0x00, 0x00, 0x00, 0x00, 0x00, 
    0x00, 0x00, 0x00, 0x00, 0x00, 0x00, 0x00, 0x00, 0x00, 0x00, 0x00, 0x00, 
    0x00, 0x00, 0x00, 0x00, 0x00, 0x00, 0x00, 0x00, 0x00, 0x00, 0x00, 0x00, 
    0x00, 0x00, 0x00, 0x00, 0x00, 0x00, 0x00, 0x00, 0x00, 0x00, 0x00, 0x00, 
    0x00, 0x00, 0x00, 0x00, 0x00, 0x00, 0x00, 0x00, 0x00, 0x00, 0x00, 0x00, 
    0x00, 0x00, 0x00, 0x00, 0x00, 0x00, 0x00, 0x00, 0x00, 0x00, 0x00, 0x00, 
    0x00, 0x00, 0x00, 0x00, 0x00, 0x00, 0x00, 0x00, 0x00, 0x00, 0x00, 0x00, 
    0x00, 0x00, 0x00, 0x00, 0x00, 0x00, 0x00, 0x00, 0x00, 0x00, 0x00, 0x00, 
    0x00, 0x00, 0x00, 0x00, 0x00, 0x00, 0x00, 0x00, 0x00, 0x00, 0x00, 0x00, 
    0x00, 0x00, 0x00, 0x00, 0x00, 0x00, 0x00, 0x00, 0x00, 0x00, 0x00, 0x00, 
    0x00, 0x00, 0x00, 0x00, 0x00, 0x00, 0x00, 0x00, 0x00, 0x00, 0x00, 0x00, 
    0x00, 0x00, 0x00, 0x00, 0x00, 0x00, 0x00, 0x00, 0x00, 0x00, 0x00, 0x00, 
    0x00, 0x00, 0x00, 0x00, 0x00, 0x00, 0x00, 0x00, 0x00, 0x00, 0x00, 0x00, 
    0x00, 0x00, 0x00, 0x00, 0x00, 0x00, 0x00, 0x00, 0x00, 0x00, 0x00, 0x00, 
    0x00, 0x00, 0x00, 0x00, 0x00, 0x00, 0x00, 0x00, 0x00, 0x00, 0x00, 0x00, 
    0x00, 0x00, 0x00, 0x00, 0x00, 0x00, 0x00, 0x00, 0x00, 0x00, 0x00, 0x00, 
    0x00, 0x00, 0x00, 0x00, 0x00, 0x00, 0x00, 0x00, 0x00, 0x00, 0x00, 0x00, 
    0x00, 0x00, 0x00, 0x00, 0x00, 0x00, 0x00, 0x00, 0x00, 0x00, 0x00, 0x00, 
    0x00, 0x00, 0x00, 0x00, 0x00, 0x00, 0x00, 0x00, 0x00, 0x00, 0x00, 0x00, 
    0x00, 0x00, 0x00, 0x00, 0x00, 0x00, 0x00, 0x00, 0x00, 0x00, 0x00, 0x00, 
    0x00, 0x00, 0x00, 0x00, 0x00, 0x00, 0x00, 0x00, 0x00, 0x00, 0x00, 0x00, 
    0x00, 0x00, 0x00, 0x00, 0x00, 0x00, 0x00, 0x00, 0x00, 0x00, 0x00, 0x00, 
    0x00, 0x00, 0x00, 0x00, 0x00, 0x00, 0x00, 0x00, 0x00, 0x00, 0x00, 0x00, 
    0x00, 0x00, 0x00, 0x00, 0x00, 0x00, 0x00, 0x00, 0x00, 0x00, 0x00, 0x00, 
    0x00, 0x00, 0x00, 0x00, 0x00, 0x00, 0x00, 0x00, 0x00, 0x00, 0x00, 0x00, 
    0x00, 0x00, 0x00, 0x00, 0x00, 0x00, 0x00, 0x00, 0x00, 0x00, 0x00, 0x00, 
    0x00, 0x00, 0x00, 0x00, 0x00, 0x00, 0x00, 0x00, 0x00, 0x00, 0x00, 0x00, 
    0x00, 0x00, 0x00, 0x00, 0x00, 0x00, 0x00, 0x00, 0x00, 0x00, 0x00, 0x00, 
    0x00, 0x00, 0x00, 0x00, 0x00, 0x00, 0x00, 0x00, 0x00, 0x00, 0x00, 0x00, 
    0x00, 0x00, 0x00, 0x00, 0x00, 0x00, 0x00, 0x00, 0x00, 0x00, 0x00, 0x00, 
    0x00, 0x00, 0x00, 0x00, 0x00, 0x00, 0x00, 0x00, 0x00, 0x00, 0x00, 0x00, 
    0x00, 0x00, 0x00, 0x00, 0x00, 0x00, 0x00, 0x00, 0x00, 0x00, 0x00, 0x00, 
    0x00, 0x00, 0x00, 0x00, 0x00, 0x00, 0x00, 0x00, 0x00, 0x00, 0x00, 0x00, 
    0x00, 0x00, 0x00, 0x00, 0x00, 0x00, 0x00, 0x00, 0x00, 0x00, 0x00, 0x00, 
    0x00, 0x00, 0x00, 0x00, 0x00, 0x00, 0x00, 0x00, 0x00, 0x00, 0x00, 0x00, 
    0x00, 0x00, 0x00, 0x00, 0x00, 0x00, 0x00, 0x00, 0x00, 0x00, 0x00, 0x00, 
    0x00, 0x00, 0x00, 0x00, 0x00, 0x00, 0x00, 0x00, 0x00, 0x00, 0x00, 0x00, 
    0x00, 0x00, 0x00, 0x00, 0x00, 0x00, 0x00, 0x00, 0x00, 0x00, 0x00, 0x00, 
    0x00, 0x00, 0x00, 0x00, 0x00, 0x00, 0x00, 0x00, 0x00, 0x00, 0x00, 0x00, 
    0x00, 0x00, 0x00, 0x00, 0x00, 0x00, 0x00, 0x00, 0x00, 0x00, 0x00, 0x00, 
    0x00, 0x00, 0x00, 0x00, 0x00, 0x00, 0x00, 0x00, 0x00, 0x00, 0x00, 0x00, 
    0x00, 0x00, 0x00, 0x00, 0x00, 0x00, 0x00, 0x00, 0x00, 0x00, 0x00, 0x00, 
    0x00, 0x00, 0x00, 0x00, 0x00, 0x00, 0x00, 0x00, 0x00, 0x00, 0x00, 0x00, 
    0x00, 0x00, 0x00, 0x00, 0x00, 0x00, 0x00, 0x00, 0x00, 0x00, 0x00, 0x00, 
    0x00, 0x00, 0x00, 0x00, 0x00, 0x00, 0x00, 0x00, 0x00, 0x00, 0x00, 0x00, 
    0x00, 0x00, 0x00, 0x00, 0x00, 0x00, 0x00, 0x00, 0x00, 0x00, 0x00, 0x00, 
    0x00, 0x00, 0x00, 0x00, 0x00, 0x00, 0x00, 0x00, 0x00, 0x00, 0x00, 0x00, 
    0x00, 0x00, 0x00, 0x00, 0x00, 0x00, 0x00, 0x00, 0x00, 0x00, 0x00, 0x00, 
    0x00, 0x00, 0x00, 0x00, 0x00, 0x00, 0x00, 0x00, 0x00, 0x00, 0x00, 0x00, 
    0x00, 0x00, 0x00, 0x00, 0x00, 0x00, 0x00, 0x00, 0x00, 0x00, 0x00, 0x00, 
    0x00, 0x00, 0x00, 0x00, 0x00, 0x00, 0x00, 0x00, 0x00, 0x00, 0x00, 0x00, 
    0x00, 0x00, 0x00, 0x00, 0x00, 0x00, 0x00, 0x00, 0x00, 0x00, 0x00, 0x00, 
    0x00, 0x00, 0x00, 0x00, 0x00, 0x00, 0x00, 0x00, 0x00, 0x00, 0x00, 0x00, 
    0x00, 0x00, 0x00, 0x00, 0x00, 0x00, 0x00, 0x00, 0x00, 0x00, 0x00, 0x00, 
    0x00, 0x00, 0x00, 0x00, 0x00, 0x00, 0x00, 0x00, 0x00, 0x00, 0x00, 0x00, 
    0x00, 0x00, 0x00, 0x00, 0x00, 0x00, 0x00, 0x00, 0x00, 0x00, 0x00, 0x00, 
    0x00, 0x00, 0x00, 0x00, 0x00, 0x00, 0x00, 0x00, 0x00, 0x00, 0x00, 0x00, 
    0x00, 0x00, 0x00, 0x00, 0x00, 0x00, 0x00, 0x00, 0x00, 0x00, 0x00, 0x00, 
    0x00, 0x00, 0x00, 0x00, 0x00, 0x00, 0x00, 0x00, 0x00, 0x00, 0x00, 0x00, 
    0x00, 0x00, 0x00, 0x00, 0x00, 0x00, 0x00, 0x00, 0x00, 0x00, 0x00, 0x00, 
    0x00, 0x00, 0x00, 0x00, 0x00, 0x00, 0x00, 0x00, 0x00, 0x00, 0x00, 0x00, 
    0x00, 0x00, 0x00, 0x00, 0x00, 0x00, 0x00, 0x00, 0x00, 0x00, 0x00, 0x00, 
    0x00, 0x00, 0x00, 0x00, 0x00, 0x00, 0x00, 0x00, 0x00, 0x00, 0x00, 0x00, 
    0x00, 0x00, 0x00, 0x00, 0x00, 0x00, 0x00, 0x00, 0x00, 0x00, 0x00, 0x00, 
    0x00, 0x00, 0x00, 0x00, 0x00, 0x00, 0x00, 0x00, 0x00, 0x00, 0x00, 0x00, 
    0x00, 0x00, 0x00, 0x00, 0x00, 0x00, 0x00, 0x00, 0x00, 0x00, 0x00, 0x00, 
    0x00, 0x00, 0x00, 0x00, 0x00, 0x00, 0x00, 0x00, 0x00, 0x00, 0x00, 0x00, 
    0x00, 0x00, 0x00, 0x00, 0x00, 0x00, 0x00, 0x00, 0x00, 0x00, 0x00, 0x00, 
    0x00, 0x00, 0x00, 0x00, 0x00, 0x00, 0x00, 0x00, 0x00, 0x00, 0x00, 0x00, 
    0x00, 0x00, 0x00, 0x00, 0x00, 0x00, 0x00, 0x00, 0x00, 0x00, 0x00, 0x00, 
    0x00, 0x00, 0x00, 0x00, 0x00, 0x00, 0x00, 0x00, 0x00, 0x00, 0x00, 0x00, 
    0x00, 0x00, 0x00, 0x00, 0x00, 0x00, 0x00, 0x00, 0x00, 0x00, 0x00, 0x00, 
    0x00, 0x00, 0x00, 0x00, 0x00, 0x00, 0x00, 0x00, 0x00, 0x00, 0x00, 0x00, 
    0x00, 0x00, 0x00, 0x00, 0x00, 0x00, 0x00, 0x00, 0x00, 0x00, 0x00, 0x00, 
    0x00, 0x00, 0x00, 0x00, 0x00, 0x00, 0x00, 0x00, 0x00, 0x00, 0x00, 0x00, 
    0x00, 0x00, 0x00, 0x00, 0x00, 0x00, 0x00, 0x00, 0x00, 0x00, 0x00, 0x00, 
    0x00, 0x00, 0x00, 0x00, 0x00, 0x00, 0x00, 0x00, 0x00, 0x00, 0x00, 0x00, 
    0x00, 0x00, 0x00, 0x00, 0x00, 0x00, 0x00, 0x00, 0x00, 0x00, 0x00, 0x00, 
    0x00, 0x00, 0x00, 0x00, 0x00, 0x00, 0x00, 0x00, 0x00, 0x00, 0x00, 0x00, 
    0x00, 0x00, 0x00, 0x00, 0x00, 0x00, 0x00, 0x00, 0x00, 0x00, 0x00, 0x00, 
    0x00, 0x00, 0x00, 0x00, 0x00, 0x00, 0x00, 0x00, 0x00, 0x00, 0x00, 0x00, 
    0x00, 0x00, 0x00, 0x00, 0x00, 0x00, 0x00, 0x00, 0x00, 0x00, 0x00, 0x00, 
    0x00, 0x00, 0x00, 0x00, 0x00, 0x00, 0x00, 0x00, 0x00, 0x00, 0x00, 0x00, 
    0x00, 0x00, 0x00, 0x00, 0x00, 0x00, 0x00, 0x00, 0x00, 0x00, 0x00, 0x00, 
    0x00, 0x00, 0x00, 0x00, 0x00, 0x00, 0x00, 0x00, 0x00, 0x00, 0x00, 0x00, 
    0x00, 0x00, 0x00, 0x00, 0x00, 0x00, 0x00, 0x00, 0x00, 0x00, 0x00, 0x00, 
    0x00, 0x00, 0x00, 0x00, 0x00, 0x00, 0x00, 0x00, 0x00, 0x00, 0x00, 0x00, 
    0x00, 0x00, 0x00, 0x00, 0x00, 0x00, 0x00, 0x00, 0x00, 0x00, 0x00, 0x00, 
    0x00, 0x00, 0x00, 0x00, 0x00, 0x00, 0x00, 0x00, 0x00, 0x00, 0x00, 0x00, 
    0x00, 0x00, 0x00, 0x00, 0x00, 0x00, 0x00, 0x00, 0x00, 0x00, 0x00, 0x00, 
    0x00, 0x00, 0x00, 0x00, 0x00, 0x00, 0x00, 0x00, 0x00, 0x00, 0x00, 0x00, 
    0x00, 0x00, 0x00, 0x00, 0x00, 0x00, 0x00, 0x00, 0x00, 0x00, 0x00, 0x00, 
    0x00, 0x00, 0x00, 0x00, 0x00, 0x00, 0x00, 0x00, 0x00, 0x00, 0x00, 0x00, 
    0x00, 0x00, 0x00, 0x00, 0x00, 0x00, 0x00, 0x00, 0x00, 0x00, 0x00, 0x00, 
    0x00, 0x00, 0x00, 0x00, 0x00, 0x00, 0x00, 0x00, 0x00, 0x00, 0x00, 0x00, 
    0x00, 0x00, 0x00, 0x00, 0x00, 0x00, 0x00, 0x00, 0x00, 0x00, 0x00, 0x00, 
    0x00, 0x00, 0x00, 0x00, 0x00, 0x00, 0x00, 0x00, 0x00, 0x00, 0x00, 0x00, 
    0x00, 0x00, 0x00, 0x00, 0x00, 0x00, 0x00, 0x00, 0x00, 0x00, 0x00, 0x00, 
    0x00, 0x00, 0x00, 0x00, 0x00, 0x00, 0x00, 0x00, 0x00, 0x00, 0x00, 0x00, 
    0x00, 0x00, 0x00, 0x00, 0x00, 0x00, 0x00, 0x00, 0x00, 0x00, 0x00, 0x00, 
    0x00, 0x00, 0x00, 0x00, 0x00, 0x00, 0x00, 0x00, 0x00, 0x00, 0x00, 0x00, 
    0x00, 0x00, 0x00, 0x00, 0x00, 0x00, 0x00, 0x00, 0x00, 0x00, 0x00, 0x00, 
    0x00, 0x00, 0x00, 0x00, 0x00, 0x00, 0x00, 0x00, 0x00, 0x00, 0x00, 0x00, 
    0x00, 0x00, 0x00, 0x00, 0x00, 0x00, 0x00, 0x00, 0x00, 0x00, 0x00, 0x00, 
    0x00, 0x00, 0x00, 0x00, 0x00, 0x00, 0x00, 0x00, 0x00, 0x00, 0x00, 0x00, 
    0x00, 0x00, 0x00, 0x00, 0x00, 0x00, 0x00, 0x00, 0x00, 0x00, 0x00, 0x00, 
    0x00, 0x00, 0x00, 0x00, 0x00, 0x00, 0x00, 0x00, 0x00, 0x00, 0x00, 0x00, 
    0x00, 0x00, 0x00, 0x00, 0x00, 0x00, 0x00, 0x00, 0x00, 0x00, 0x00, 0x00, 
    0x00, 0x00, 0x00, 0x00, 0x00, 0x00, 0x00, 0x00, 0x00, 0x00, 0x00, 0x00, 
    0x00, 0x00, 0x00, 0x00, 0x00, 0x00, 0x00, 0x00, 0x00, 0x00, 0x00, 0x00, 
    0x00, 0x00, 0x00, 0x00, 0x00, 0x00, 0x00, 0x00, 0x00, 0x00, 0x00, 0x00, 
    0x00, 0x00, 0x00, 0x00, 0x00, 0x00, 0x00, 0x00, 0x00, 0x00, 0x00, 0x00, 
    0x00, 0x00, 0x00, 0x00, 0x00, 0x00, 0x00, 0x00, 0x00, 0x00, 0x00, 0x00, 
    0x00, 0x00, 0x00, 0x00, 0x00, 0x00, 0x00, 0x00, 0x00, 0x00, 0x00, 0x00, 
    0x00, 0x00, 0x00, 0x00, 0x00, 0x00, 0x00, 0x00, 0x00, 0x00, 0x00, 0x00, 
    0x00, 0x00, 0x00, 0x00, 0x00, 0x00, 0x00, 0x00, 0x00, 0x00, 0x00, 0x00, 
    0x00, 0x00, 0x00, 0x00, 0x00, 0x00, 0x00, 0x00, 0x00, 0x00, 0x00, 0x00, 
    0x00, 0x00, 0x00, 0x00, 0x00, 0x00, 0x00, 0x00, 0x00, 0x00, 0x00, 0x00, 
    0x00, 0x00, 0x00, 0x00, 0x00, 0x00, 0x00, 0x00, 0x00, 0x00, 0x00, 0x00, 
    0x00, 0x00, 0x00, 0x00, 0x00, 0x00, 0x00, 0x00, 0x00, 0x00, 0x00, 0x00, 
    0x00, 0x00, 0x00, 0x00, 0x00, 0x00, 0x00, 0x00, 0x00, 0x00, 0x00, 0x00, 
    0x00, 0x00, 0x00, 0x00, 0x00, 0x00, 0x00, 0x00, 0x00, 0x00, 0x00, 0x00, 
    0x00, 0x00, 0x00, 0x00, 0x00, 0x00, 0x00, 0x00, 0x00, 0x00, 0x00, 0x00, 
    0x00, 0x00, 0x00, 0x00, 0x00, 0x00, 0x00, 0x00, 0x00, 0x00, 0x00, 0x00, 
    0x00, 0x00, 0x00, 0x00, 0x00, 0x00, 0x00, 0x00, 0x00, 0x00, 0x00, 0x00, 
    0x00, 0x00, 0x00, 0x00, 0x00, 0x00, 0x00, 0x00, 0x00, 0x00, 0x00, 0x00, 
    0x00, 0x00, 0x00, 0x00, 0x00, 0x00, 0x00, 0x00, 0x00, 0x00, 0x00, 0x00, 
    0x00, 0x00, 0x00, 0x00, 0x00, 0x00, 0x00, 0x00, 0x00, 0x00, 0x00, 0x00, 
    0x00, 0x00, 0x00, 0x00, 0x00, 0x00, 0x00, 0x00, 0x00, 0x00, 0x00, 0x00, 
    0x00, 0x00, 0x00, 0x00, 0x00, 0x00, 0x00, 0x00, 0x00, 0x00, 0x00, 0x00, 
    0x00, 0x00, 0x00, 0x00, 0x00, 0x00, 0x00, 0x00, 0x00, 0x00, 0x00, 0x00, 
    0x00, 0x00, 0x00, 0x00, 0x00, 0x00, 0x00, 0x00, 0x00, 0x00, 0x00, 0x00, 
    0x00, 0x00, 0x00, 0x00, 0x00, 0x00, 0x00, 0x00, 0x00, 0x00, 0x00, 0x00, 
    0x00, 0x00, 0x00, 0x00, 0x00, 0x00, 0x00, 0x00, 0x00, 0x00, 0x00, 0x00, 
    0x00, 0x00, 0x00, 0x00, 0x00, 0x00, 0x00, 0x00, 0x00, 0x00, 0x00, 0x00, 
    0x00, 0x00, 0x00, 0x00, 0x00, 0x00, 0x00, 0x00, 0x00, 0x00, 0x00, 0x00, 
    0x00, 0x00, 0x00, 0x00, 0x00, 0x00, 0x00, 0x00, 0x00, 0x00, 0x00, 0x00, 
    0x00, 0x00, 0x00, 0x00, 0x00, 0x00, 0x00, 0x00, 0x00, 0x00, 0x00, 0x00, 
    0x00, 0x00, 0x00, 0x00, 0x00, 0x00, 0x00, 0x00, 0x00, 0x00, 0x00, 0x00, 
    0x00, 0x00, 0x00, 0x00, 0x00, 0x00, 0x00, 0x00, 0x00, 0x00, 0x00, 0x00, 
    0x00, 0x00, 0x00, 0x00, 0x00, 0x00, 0x00, 0x00, 0x00, 0x00, 0x00, 0x00, 
    0x00, 0x00, 0x00, 0x00, 0x00, 0x00, 0x00, 0x00, 0x00, 0x00, 0x00, 0x00, 
    0x00, 0x00, 0x00, 0x00, 0x00, 0x00, 0x00, 0x00, 0x00, 0x00, 0x00, 0x00, 
    0x00, 0x00, 0x00, 0x00, 0x00, 0x00, 0x00, 0x00, 0x00, 0x00, 0x00, 0x00, 
    0x00, 0x00, 0x00, 0x00, 0x00, 0x00, 0x00, 0x00, 0x00, 0x00, 0x00, 0x00, 
    0x00, 0x00, 0x00, 0x00, 0x00, 0x00, 0x00, 0x00, 0x00, 0x00, 0x00, 0x00, 
    0x00, 0x00, 0x00, 0x00, 0x00, 0x00, 0x00, 0x00, 0x00, 0x00, 0x00, 0x00, 
    0x00, 0x00, 0x00, 0x00, 0x00, 0x00, 0x00, 0x00, 0x00, 0x00, 0x00, 0x00, 
    0x00, 0x00, 0x00, 0x00, 0x00, 0x00, 0x00, 0x00, 0x00, 0x00, 0x00, 0x00, 
    0x00, 0x00, 0x00, 0x00, 0x00, 0x00, 0x00, 0x00, 0x00, 0x00, 0x00, 0x00, 
    0x00, 0x00, 0x00, 0x00, 0x00, 0x00, 0x00, 0x00, 0x00, 0x00, 0x00, 0x00, 
    0x00, 0x00, 0x00, 0x00, 0x00, 0x00, 0x00, 0x00, 0x00, 0x00, 0x00, 0x00, 
    0x00, 0x00, 0x00, 0x00, 0x00, 0x00, 0x00, 0x00, 0x00, 0x00, 0x00, 0x00, 
    0x00, 0x00, 0x00, 0x00, 0x00, 0x00, 0x00, 0x00, 0x00, 0x00, 0x00, 0x00, 
    0x00, 0x00, 0x00, 0x00, 0x00, 0x00, 0x00, 0x00, 0x00, 0x00, 0x00, 0x00, 
    0x00, 0x00, 0x00, 0x00, 0x00, 0x00, 0x00, 0x00, 0x00, 0x00, 0x00, 0x00, 
    0x00, 0x00, 0x00, 0x00, 0x00, 0x00, 0x00, 0x00, 0x00, 0x00, 0x00, 0x00, 
    0x00, 0x00, 0x00, 0x00, 0x00, 0x00, 0x00, 0x00, 0x00, 0x00, 0x00, 0x00, 
    0x00, 0x00, 0x00, 0x00, 0x00, 0x00, 0x00, 0x00, 0x00, 0x00, 0x00, 0x00, 
    0x00, 0x00, 0x00, 0x00, 0x00, 0x00, 0x00, 0x00, 0x00, 0x00, 0x00, 0x00, 
    0x00, 0x00, 0x00, 0x00, 0x00, 0x00, 0x00, 0x00, 0x00, 0x00, 0x00, 0x00, 
    0x00, 0x00, 0x00, 0x00, 0x00, 0x00, 0x00, 0x00, 0x00, 0x00, 0x00, 0x00, 
    0x00, 0x00, 0x00, 0x00, 0x00, 0x00, 0x00, 0x00, 0x00, 0x00, 0x00, 0x00, 
    0x00, 0x00, 0x00, 0x00, 0x00, 0x00, 0x00, 0x00, 0x00, 0x00, 0x00, 0x00, 
    0x00, 0x00, 0x00, 0x00, 0x00, 0x00, 0x00, 0x00, 0x00, 0x00, 0x00, 0x00, 
    0x00, 0x00, 0x00, 0x00, 0x00, 0x00, 0x00, 0x00, 0x00, 0x00, 0x00, 0x00, 
    0x00, 0x00, 0x00, 0x00, 0x00, 0x00, 0x00, 0x00, 0x00, 0x00, 0x00, 0x00, 
    0x00, 0x00, 0x00, 0x00, 0x00, 0x00, 0x00, 0x00, 0x00, 0x00, 0x00, 0x00, 
    0x00, 0x00, 0x00, 0x00, 0x00, 0x00, 0x00, 0x00, 0x00, 0x00, 0x00, 0x00, 
    0x00, 0x00, 0x00, 0x00, 0x00, 0x00, 0x00, 0x00, 0x00, 0x00, 0x00, 0x00, 
    0x00, 0x00, 0x00, 0x00, 0x00, 0x00, 0x00, 0x00, 0x00, 0x00, 0x00, 0x00, 
    0x00, 0x00, 0x00, 0x00, 0x00, 0x00, 0x00, 0x00, 0x00, 0x00, 0x00, 0x00, 
    0x00, 0x00, 0x00, 0x00, 0x00, 0x00, 0x00, 0x00, 0x00, 0x00, 0x00, 0x00, 
    0x00, 0x00, 0x00, 0x00, 0x00, 0x00, 0x00, 0x00, 0x00, 0x00, 0x00, 0x00, 
    0x00, 0x00, 0x00, 0x00, 0x00, 0x00, 0x00, 0x00, 0x00, 0x00, 0x00, 0x00, 
    0x00, 0x00, 0x00, 0x00, 0x00, 0x00, 0x00, 0x00, 0x00, 0x00, 0x00, 0x00, 
    0x00, 0x00, 0x00, 0x00, 0x00, 0x00, 0x00, 0x00, 0x00, 0x00, 0x00, 0x00, 
    0x00, 0x00, 0x00, 0x00, 0x00, 0x00, 0x00, 0x00, 0x00, 0x00, 0x00, 0x00, 
    0x00, 0x00, 0x00, 0x00, 0x00, 0x00, 0x00, 0x00, 0x00, 0x00, 0x00, 0x00, 
    0x00, 0x00, 0x00, 0x00, 0x00, 0x00, 0x00, 0x00, 0x00, 0x00, 0x00, 0x00, 
    0x00, 0x00, 0x00, 0x00, 0x00, 0x00, 0x00, 0x00, 0x00, 0x00, 0x00, 0x00, 
    0x00, 0x00, 0x00, 0x00, 0x00, 0x00, 0x00, 0x00, 0x00, 0x00, 0x00, 0x00, 
    0x00, 0x00, 0x00, 0x00, 0x00, 0x00, 0x00, 0x00, 0x00, 0x00, 0x00, 0x00, 
    0x00, 0x00, 0x00, 0x00, 0x00, 0x00, 0x00, 0x00, 0x00, 0x00, 0x00, 0x00, 
    0x00, 0x00, 0x00, 0x00, 0x00, 0x00, 0x00, 0x00, 0x00, 0x00, 0x00, 0x00, 
    0x00, 0x00, 0x00, 0x00, 0x00, 0x00, 0x00, 0x00, 0x00, 0x00, 0x00, 0x00, 
    0x00, 0x00, 0x00, 0x00, 0x00, 0x00, 0x00, 0x00, 0x00, 0x00, 0x00, 0x00, 
    0x00, 0x00, 0x00, 0x00, 0x00, 0x00, 0x00, 0x00, 0x00, 0x00, 0x00, 0x00, 
    0x00, 0x00, 0x00, 0x00, 0x00, 0x00, 0x00, 0x00, 0x00, 0x00, 0x00, 0x00, 
    0x00, 0x00, 0x00, 0x00, 0x00, 0x00, 0x00, 0x00, 0x00, 0x00, 0x00, 0x00, 
    0x00, 0x00, 0x00, 0x00, 0x00, 0x00, 0x00, 0x00, 0x00, 0x00, 0x00, 0x00, 
    0x00, 0x00, 0x00, 0x00, 0x00, 0x00, 0x00, 0x00, 0x00, 0x00, 0x00, 0x00, 
    0x00, 0x00, 0x00, 0x00, 0x00, 0x00, 0x00, 0x00, 0x00, 0x00, 0x00, 0x00, 
    0x00, 0x00, 0x00, 0x00, 0x00, 0x00, 0x00, 0x00, 0x00, 0x00, 0x00, 0x00, 
    0x00, 0x00, 0x00, 0x00, 0x00, 0x00, 0x00, 0x00, 0x00, 0x00, 0x00, 0x00, 
    0x00, 0x00, 0x00, 0x00, 0x00, 0x00, 0x00, 0x00, 0x00, 0x00, 0x00, 0x00, 
    0x00, 0x00, 0x00, 0x00, 0x00, 0x00, 0x00, 0x00, 0x00, 0x00, 0x00, 0x00, 
    0x00, 0x00, 0x00, 0x00, 0x00, 0x00, 0x00, 0x00, 0x00, 0x00, 0x00, 0x00, 
    0x00, 0x00, 0x00, 0x00, 0x00, 0x00, 0x00, 0x00, 0x00, 0x00, 0x00, 0x00, 
    0x00, 0x00, 0x00, 0x00, 0x00, 0x00, 0x00, 0x00, 0x00, 0x00, 0x00, 0x00, 
    0x00, 0x00, 0x00, 0x00, 0x00, 0x00, 0x00, 0x00, 0x00, 0x00, 0x00, 0x00, 
    0x00, 0x00, 0x00, 0x00, 0x00, 0x00, 0x00, 0x00, 0x00, 0x00, 0x00, 0x00, 
    0x00, 0x00, 0x00, 0x00, 0x00, 0x00, 0x00, 0x00, 0x00, 0x00, 0x00, 0x00, 
    0x00, 0x00, 0x00, 0x00, 0x00, 0x00, 0x00, 0x00, 0x00, 0x00, 0x00, 0x00, 
    0x00, 0x00, 0x00, 0x00, 0x00, 0x00, 0x00, 0x00, 0x00, 0x00, 0x00, 0x00, 
    0x00, 0x00, 0x00, 0x00, 0x00, 0x00, 0x00, 0x00, 0x00, 0x00, 0x00, 0x00, 
    0x00, 0x00, 0x00, 0x00, 0x00, 0x00, 0x00, 0x00, 0x00, 0x00, 0x00, 0x00, 
    0x00, 0x00, 0x00, 0x00, 0x00, 0x00, 0x00, 0x00, 0x00, 0x00, 0x00, 0x00, 
    0x00, 0x00, 0x00, 0x00, 0x00, 0x00, 0x00, 0x00, 0x00, 0x00, 0x00, 0x00, 
    0x00, 0x00, 0x00, 0x00, 0x00, 0x00, 0x00, 0x00, 0x00, 0x00, 0x00, 0x00, 
    0x00, 0x00, 0x00, 0x00, 0x00, 0x00, 0x00, 0x00, 0x00, 0x00, 0x00, 0x00, 
    0x00, 0x00, 0x00, 0x00, 0x00, 0x00, 0x00, 0x00, 0x00, 0x00, 0x00, 0x00, 
    0x00, 0x00, 0x00, 0x00, 0x00, 0x00, 0x00, 0x00, 0x00, 0x00, 0x00, 0x00, 
    0x00, 0x00, 0x00, 0x00, 0x00, 0x00, 0x00, 0x00, 0x00, 0x00, 0x00, 0x00, 
    0x00, 0x00, 0x00, 0x00, 0x00, 0x00, 0x00, 0x00, 0x00, 0x00, 0x00, 0x00, 
    0x00, 0x00, 0x00, 0x00, 0x00, 0x00, 0x00, 0x00, 0x00, 0x00, 0x00, 0x00, 
    0x00, 0x00, 0x00, 0x00, 0x00, 0x00, 0x00, 0x00, 0x00, 0x00, 0x00, 0x00, 
    0x00, 0x00, 0x00, 0x00, 0x00, 0x00, 0x00, 0x00, 0x00, 0x00, 0x00, 0x00, 
    0x00, 0x00, 0x00, 0x00, 0x00, 0x00, 0x00, 0x00, 0x00, 0x00, 0x00, 0x00, 
    0x00, 0x00, 0x00, 0x00, 0x00, 0x00, 0x00, 0x00, 0x00, 0x00, 0x00, 0x00, 
    0x00, 0x00, 0x00, 0x00, 0x00, 0x00, 0x00, 0x00, 0x00, 0x00, 0x00, 0x00, 
    0x00, 0x00, 0x00, 0x00, 0x00, 0x00, 0x00, 0x00, 0x00, 0x00, 0x00, 0x00, 
    0x00, 0x00, 0x00, 0x00, 0x00, 0x00, 0x00, 0x00, 0x00, 0x00, 0x00, 0x00, 
    0x00, 0x00, 0x00, 0x00, 0x00, 0x00, 0x00, 0x00, 0x00, 0x00, 0x00, 0x00, 
    0x00, 0x00, 0x00, 0x00, 0x00, 0x00, 0x00, 0x00, 0x00, 0x00, 0x00, 0x00, 
    0x00, 0x00, 0x00, 0x00, 0x00, 0x00, 0x00, 0x00, 0x00, 0x00, 0x00, 0x00, 
    0x00, 0x00, 0x00, 0x00, 0x00, 0x00, 0x00, 0x00, 0x00, 0x00, 0x00, 0x00, 
    0x00, 0x00, 0x00, 0x00, 0x00, 0x00, 0x00, 0x00, 0x00, 0x00, 0x00, 0x00, 
    0x00, 0x00, 0x00, 0x00, 0x00, 0x00, 0x00, 0x00, 0x00, 0x00, 0x00, 0x00, 
    0x00, 0x00, 0x00, 0x00, 0x00, 0x00, 0x00, 0x00, 0x00, 0x00, 0x00, 0x00, 
    0x00, 0x00, 0x00, 0x00, 0x00, 0x00, 0x00, 0x00, 0x00, 0x00, 0x00, 0x00, 
    0x00, 0x00, 0x00, 0x00, 0x00, 0x00, 0x00, 0x00, 0x00, 0x00, 0x00, 0x00, 
    0x00, 0x00, 0x00, 0x00, 0x00, 0x00, 0x00, 0x00, 0x00, 0x00, 0x00, 0x00, 
    0x00, 0x00, 0x00, 0x00, 0x00, 0x00, 0x00, 0x00, 0x00, 0x00, 0x00, 0x00, 
    0x00, 0x00, 0x00, 0x00, 0x00, 0x00, 0x00, 0x00, 0x00, 0x00, 0x00, 0x00, 
    0x00, 0x00, 0x00, 0x00, 0x00, 0x00, 0x00, 0x00, 0x00, 0x00, 0x00, 0x00, 
    0x00, 0x00, 0x00, 0x00, 0x00, 0x00, 0x00, 0x00, 0x00, 0x00, 0x00, 0x00, 
    0x00, 0x00, 0x00, 0x00, 0x00, 0x00, 0x00, 0x00, 0x00, 0x00, 0x00, 0x00, 
    0x00, 0x00, 0x00, 0x00, 0x00, 0x00, 0x00, 0x00, 0x00, 0x00, 0x00, 0x00, 
    0x00, 0x00, 0x00, 0x00, 0x00, 0x00, 0x00, 0x00, 0x00, 0x00, 0x00, 0x00, 
    0x00, 0x00, 0x00, 0x00, 0x00, 0x00, 0x00, 0x00, 0x00, 0x00, 0x00, 0x00, 
    0x00, 0x00, 0x00, 0x00, 0x00, 0x00, 0x00, 0x00, 0x00, 0x00, 0x00, 0x00, 
    0x00, 0x00, 0x00, 0x00, 0x00, 0x00, 0x00, 0x00, 0x00, 0x00, 0x00, 0x00, 
    0x00, 0x00, 0x00, 0x00, 0x00, 0x00, 0x00, 0x00, 0x00, 0x00, 0x00, 0x00, 
    0x00, 0x00, 0x00, 0x00, 0x00, 0x00, 0x00, 0x00, 0x00, 0x00, 0x00, 0x00, 
    0x00, 0x00, 0x00, 0x00, 0x00, 0x00, 0x00, 0x00, 0x00, 0x00, 0x00, 0x00, 
    0x00, 0x00, 0x00, 0x00, 0x00, 0x00, 0x00, 0x00, 0x00, 0x00, 0x00, 0x00, 
    0x00, 0x00, 0x00, 0x00, 0x00, 0x00, 0x00, 0x00, 0x00, 0x00, 0x00, 0x00, 
    0x00, 0x00, 0x00, 0x00, 0x00, 0x00, 0x00, 0x00, 0x00, 0x00, 0x00, 0x00, 
    0x00, 0x00, 0x00, 0x00, 0x00, 0x00, 0x00, 0x00, 0x00, 0x00, 0x00, 0x00, 
    0x00, 0x00, 0x00, 0x00, 0x00, 0x00, 0x00, 0x00, 0x00, 0x00, 0x00, 0x00, 
    0x00, 0x00, 0x00, 0x00, 0x00, 0x00, 0x00, 0x00, 0x00, 0x00, 0x00, 0x00, 
    0x00, 0x00, 0x00, 0x00, 0x00, 0x00, 0x00, 0x00, 0x00, 0x00, 0x00, 0x00, 
    0x00, 0x00, 0x00, 0x00, 0x00, 0x00, 0x00, 0x00, 0x00, 0x00, 0x00, 0x00, 
    0x00, 0x00, 0x00, 0x00, 0x00, 0x00, 0x00, 0x00, 0x00, 0x00, 0x00, 0x00, 
    0x00, 0x00, 0x00, 0x00, 0x00, 0x00, 0x00, 0x00, 0x00, 0x00, 0x00, 0x00, 
    0x00, 0x00, 0x00, 0x00, 0x00, 0x00, 0x00, 0x00, 0x00, 0x00, 0x00, 0x00, 
    0x00, 0x00, 0x00, 0x00, 0x00, 0x00, 0x00, 0x00, 0x00, 0x00, 0x00, 0x00, 
    0x00, 0x00, 0x00, 0x00, 0x00, 0x00, 0x00, 0x00, 0x00, 0x00, 0x00, 0x00, 
    0x00, 0x00, 0x00, 0x00, 0x00, 0x00, 0x00, 0x00, 0x00, 0x00, 0x00, 0x00, 
    0x00, 0x00, 0x00, 0x00, 0x00, 0x00, 0x00, 0x00, 0x00, 0x00, 0x00, 0x00, 
    0x00, 0x00, 0x00, 0x00, 0x00, 0x00, 0x00, 0x00, 0x00, 0x00, 0x00, 0x00, 
    0x00, 0x00, 0x00, 0x00, 0x00, 0x00, 0x00, 0x00, 0x00, 0x00, 0x00, 0x00, 
    0x00, 0x00, 0x00, 0x00, 0x00, 0x00, 0x00, 0x00, 0x00, 0x00, 0x00, 0x00, 
    0x00, 0x00, 0x00, 0x00, 0x00, 0x00, 0x00, 0x00, 0x00, 0x00, 0x00, 0x00, 
    0x00, 0x00, 0x00, 0x00, 0x00, 0x00, 0x00, 0x00, 0x00, 0x00, 0x00, 0x00, 
    0x00, 0x00, 0x00, 0x00, 0x00, 0x00, 0x00, 0x00, 0x00, 0x00, 0x00, 0x00, 
    0x00, 0x00, 0x00, 0x00, 0x00, 0x00, 0x00, 0x00, 0x00, 0x00, 0x00, 0x00, 
    0x00, 0x00, 0x00, 0x00, 0x00, 0x00, 0x00, 0x00, 0x00, 0x00, 0x00, 0x00, 
    0x00, 0x00, 0x00, 0x00, 0x00, 0x00, 0x00, 0x00, 0x00, 0x00, 0x00, 0x00, 
    0x00, 0x00, 0x00, 0x00, 0x00, 0x00, 0x00, 0x00, 0x00, 0x00, 0x00, 0x00, 
    0x00, 0x00, 0x00, 0x00, 0x00, 0x00, 0x00, 0x00, 0x00, 0x00, 0x00, 0x00, 
    0x00, 0x00, 0x00, 0x00, 0x00, 0x00, 0x00, 0x00, 0x00, 0x00, 0x00, 0x00, 
    0x00, 0x00, 0x00, 0x00, 0x00, 0x00, 0x00, 0x00, 0x00, 0x00, 0x00, 0x00, 
    0x00, 0x00, 0x00, 0x00, 0x00, 0x00, 0x00, 0x00, 0x00, 0x00, 0x00, 0x00, 
    0x00, 0x00, 0x00, 0x00, 0x00, 0x00, 0x00, 0x00, 0x00, 0x00, 0x00, 0x00, 
    0x00, 0x00, 0x00, 0x00, 0x00, 0x00, 0x00, 0x00, 0x00, 0x00, 0x00, 0x00, 
    0x00, 0x00, 0x00, 0x00, 0x00, 0x00, 0x00, 0x00, 0x00, 0x00, 0x00, 0x00, 
    0x00, 0x00, 0x00, 0x00, 0x00, 0x00, 0x00, 0x00, 0x00, 0x00, 0x00, 0x00, 
    0x00, 0x00, 0x00, 0x00, 0x00, 0x00, 0x00, 0x00, 0x00, 0x00, 0x00, 0x00, 
    0x00, 0x00, 0x00, 0x00, 0x00, 0x00, 0x00, 0x00, 0x00, 0x00, 0x00, 0x00, 
    0x00, 0x00, 0x00, 0x00, 0x00, 0x00, 0x00, 0x00, 0x00, 0x00, 0x00, 0x00, 
    0x00, 0x00, 0x00, 0x00, 0x00, 0x00, 0x00, 0x00, 0x00, 0x00, 0x00, 0x00, 
    0x00, 0x00, 0x00, 0x00, 0x00, 0x00, 0x00, 0x00, 0x00, 0x00, 0x00, 0x00, 
    0x00, 0x00, 0x00, 0x00, 0x00, 0x00, 0x00, 0x00, 0x00, 0x00, 0x00, 0x00, 
    0x00, 0x00, 0x00, 0x00, 0x00, 0x00, 0x00, 0x00, 0x00, 0x00, 0x00, 0x00, 
    0x00, 0x00, 0x00, 0x00, 0x00, 0x00, 0x00, 0x00, 0x00, 0x00, 0x00, 0x00, 
    0x00, 0x00, 0x00, 0x00, 0x00, 0x00, 0x00, 0x00, 0x00, 0x00, 0x00, 0x00, 
    0x00, 0x00, 0x00, 0x00, 0x00, 0x00, 0x00, 0x00, 0x00, 0x00, 0x00, 0x00, 
    0x00, 0x00, 0x00, 0x00, 0x00, 0x00, 0x00, 0x00, 0x00, 0x00, 0x00, 0x00, 
    0x00, 0x00, 0x00, 0x00, 0x00, 0x00, 0x00, 0x00, 0x00, 0x00, 0x00, 0x00, 
    0x00, 0x00, 0x00, 0x00, 0x00, 0x00, 0x00, 0x00, 0x00, 0x00, 0x00, 0x00, 
    0x00, 0x00, 0x00, 0x00, 0x00, 0x00, 0x00, 0x00, 0x00, 0x00, 0x00, 0x00, 
    0x00, 0x00, 0x00, 0x00, 0x00, 0x00, 0x00, 0x00, 0x00, 0x00, 0x00, 0x00, 
    0x00, 0x00, 0x00, 0x00, 0x00, 0x00, 0x00, 0x00, 0x00, 0x00, 0x00, 0x00, 
    0x00, 0x00, 0x00, 0x00, 0x00, 0x00, 0x00, 0x00, 0x00, 0x00, 0x00, 0x00, 
    0x00, 0x00, 0x00, 0x00, 0x00, 0x00, 0x00, 0x00, 0x00, 0x00, 0x00, 0x00, 
    0x00, 0x00, 0x00, 0x00, 0x00, 0x00, 0x00, 0x00, 0x00, 0x00, 0x00, 0x00, 
    0x00, 0x00, 0x00, 0x00, 0x00, 0x00, 0x00, 0x00, 0x00, 0x00, 0x00, 0x00, 
    0x00, 0x00, 0x00, 0x00, 0x00, 0x00, 0x00, 0x00, 0x00, 0x00, 0x00, 0x00, 
    0x00, 0x00, 0x00, 0x00, 0x00, 0x00, 0x00, 0x00, 0x00, 0x00, 0x00, 0x00, 
    0x00, 0x00, 0x00, 0x00, 0x00, 0x00, 0x00, 0x00, 0x00, 0x00, 0x00, 0x00, 
    0x00, 0x00, 0x00, 0x00, 0x00, 0x00, 0x00, 0x00, 0x00, 0x00, 0x00, 0x00, 
    0x00, 0x00, 0x00, 0x00, 0x00, 0x00, 0x00, 0x00, 0x00, 0x00, 0x00, 0x00, 
    0x00, 0x00, 0x00, 0x00, 0x00, 0x00, 0x00, 0x00, 0x00, 0x00, 0x00, 0x00, 
    0x00, 0x00, 0x00, 0x00, 0x00, 0x00, 0x00, 0x00, 0x00, 0x00, 0x00, 0x00, 
    0x00, 0x00, 0x00, 0x00, 0x00, 0x00, 0x00, 0x00, 0x00, 0x00, 0x00, 0x00, 
    0x00, 0x00, 0x00, 0x00, 0x00, 0x00, 0x00, 0x00, 0x00, 0x00, 0x00, 0x00, 
    0x00, 0x00, 0x00, 0x00, 0x00, 0x00, 0x00, 0x00, 0x00, 0x00, 0x00, 0x00, 
    0x00, 0x00, 0x00, 0x00, 0x00, 0x00, 0x00, 0x00, 0x00, 0x00, 0x00, 0x00, 
    0x00, 0x00, 0x00, 0x00, 0x00, 0x00, 0x00, 0x00, 0x00, 0x00, 0x00, 0x00, 
    0x00, 0x00, 0x00, 0x00, 0x00, 0x00, 0x00, 0x00, 0x00, 0x00, 0x00, 0x00, 
    0x00, 0x00, 0x00, 0x00, 0x00, 0x00, 0x00, 0x00, 0x00, 0x00, 0x00, 0x00, 
    0x00, 0x00, 0x00, 0x00, 0x00, 0x00, 0x00, 0x00, 0x00, 0x00, 0x00, 0x00, 
    0x00, 0x00, 0x00, 0x00, 0x00, 0x00, 0x00, 0x00, 0x00, 0x00, 0x00, 0x00, 
    0x00, 0x00, 0x00, 0x00, 0x00, 0x00, 0x00, 0x00, 0x00, 0x00, 0x00, 0x00, 
    0x00, 0x00, 0x00, 0x00, 0x00, 0x00, 0x00, 0x00, 0x00, 0x00, 0x00, 0x00, 
    0x00, 0x00, 0x00, 0x00, 0x00, 0x00, 0x00, 0x00, 0x00, 0x00, 0x00, 0x00, 
    0x00, 0x00, 0x00, 0x00, 0x00, 0x00, 0x00, 0x00, 0x00, 0x00, 0x00, 0x00, 
    0x00, 0x00, 0x00, 0x00, 0x00, 0x00, 0x00, 0x00, 0x00, 0x00, 0x00, 0x00, 
    0x00, 0x00, 0x00, 0x00, 0x00, 0x00, 0x00, 0x00, 0x00, 0x00, 0x00, 0x00, 
    0x00, 0x00, 0x00, 0x00, 0x00, 0x00, 0x00, 0x00, 0x00, 0x00, 0x00, 0x00, 
    0x00, 0x00, 0x00, 0x00, 0x00, 0x00, 0x00, 0x00, 0x00, 0x00, 0x00, 0x00, 
    0x00, 0x00, 0x00, 0x00, 0x00, 0x00, 0x00, 0x00, 0x00, 0x00, 0x00, 0x00, 
    0x00, 0x00, 0x00, 0x00, 0x00, 0x00, 0x00, 0x00, 0x00, 0x00, 0x00, 0x00, 
    0x00, 0x00, 0x00, 0x00, 0x00, 0x00, 0x00, 0x00, 0x00, 0x00, 0x00, 0x00, 
    0x00, 0x00, 0x00, 0x00, 0x00, 0x00, 0x00, 0x00, 0x00, 0x00, 0x00, 0x00, 
    0x00, 0x00, 0x00, 0x00, 0x00, 0x00, 0x00, 0x00, 0x00, 0x00, 0x00, 0x00, 
    0x00, 0x00, 0x00, 0x00, 0x00, 0x00, 0x00, 0x00, 0x00, 0x00, 0x00, 0x00, 
    0x00, 0x00, 0x00, 0x00, 0x00, 0x00, 0x00, 0x00, 0x00, 0x00, 0x00, 0x00, 
    0x00, 0x00, 0x00, 0x00, 0x00, 0x00, 0x00, 0x00, 0x00, 0x00, 0x00, 0x00, 
    0x00, 0x00, 0x00, 0x00, 0x00, 0x00, 0x00, 0x00, 0x00, 0x00, 0x00, 0x00, 
    0x00, 0x00, 0x00, 0x00, 0x00, 0x00, 0x00, 0x00, 0x00, 0x00, 0x00, 0x00, 
    0x00, 0x00, 0x00, 0x00, 0x00, 0x00, 0x00, 0x00, 0x00, 0x00, 0x00, 0x00, 
    0x00, 0x00, 0x00, 0x00, 0x00, 0x00, 0x00, 0x00, 0x00, 0x00, 0x00, 0x00, 
    0x00, 0x00, 0x00, 0x00, 0x00, 0x00, 0x00, 0x00, 0x00, 0x00, 0x00, 0x00, 
    0x00, 0x00, 0x00, 0x00, 0x00, 0x00, 0x00, 0x00, 0x00, 0x00, 0x00, 0x00, 
    0x00, 0x00, 0x00, 0x00, 0x00, 0x00, 0x00, 0x00, 0x00, 0x00, 0x00, 0x00, 
    0x00, 0x00, 0x00, 0x00, 0x00, 0x00, 0x00, 0x00, 0x00, 0x00, 0x00, 0x00, 
    0x00, 0x00, 0x00, 0x00, 0x00, 0x00, 0x00, 0x00, 0x00, 0x00, 0x00, 0x00, 
    0x00, 0x00, 0x00, 0x00, 0x00, 0x00, 0x00, 0x00, 0x00, 0x00, 0x00, 0x00, 
    0x00, 0x00, 0x00, 0x00, 0x00, 0x00, 0x00, 0x00, 0x00, 0x00, 0x00, 0x00, 
    0x00, 0x00, 0x00, 0x00, 0x00, 0x00, 0x00, 0x00, 0x00, 0x00, 0x00, 0x00, 
    0x00, 0x00, 0x00, 0x00, 0x00, 0x00, 0x00, 0x00, 0x00, 0x00, 0x00, 0x00, 
    0x00, 0x00, 0x00, 0x00, 0x00, 0x00, 0x00, 0x00, 0x00, 0x00, 0x00, 0x00, 
    0x00, 0x00, 0x00, 0x00, 0x00, 0x00, 0x00, 0x00, 0x00, 0x00, 0x00, 0x00, 
    0x00, 0x00, 0x00, 0x00, 0x00, 0x00, 0x00, 0x00, 0x00, 0x00, 0x00, 0x00, 
    0x00, 0x00, 0x00, 0x00, 0x00, 0x00, 0x00, 0x00, 0x00, 0x00, 0x00, 0x00, 
    0x00, 0x00, 0x00, 0x00, 0x00, 0x00, 0x00, 0x00, 0x00, 0x00, 0x00, 0x00, 
    0x00, 0x00, 0x00, 0x00, 0x00, 0x00, 0x00, 0x00, 0x00, 0x00, 0x00, 0x00, 
    0x00, 0x00, 0x00, 0x00, 0x00, 0x00, 0x00, 0x00, 0x00, 0x00, 0x00, 0x00, 
    0x00, 0x00, 0x00, 0x00, 0x00, 0x00, 0x00, 0x00, 0x00, 0x00, 0x00, 0x00, 
    0x00, 0x00, 0x00, 0x00, 0x00, 0x00, 0x00, 0x00, 0x00, 0x00, 0x00, 0x00, 
    0x00, 0x00, 0x00, 0x00, 0x00, 0x00, 0x00, 0x00, 0x00, 0x00, 0x00, 0x00, 
    0x00, 0x00, 0x00, 0x00, 0x00, 0x00, 0x00, 0x00, 0x00, 0x00, 0x00, 0x00, 
    0x00, 0x00, 0x00, 0x00, 0x00, 0x00, 0x00, 0x00, 0x00, 0x00, 0x00, 0x00, 
    0x00, 0x00, 0x00, 0x00, 0x00, 0x00, 0x00, 0x00, 0x00, 0x00, 0x00, 0x00, 
    0x00, 0x00, 0x00, 0x00, 0x00, 0x00, 0x00, 0x00, 0x00, 0x00, 0x00, 0x00, 
    0x00, 0x00, 0x00, 0x00, 0x00, 0x00, 0x00, 0x00, 0x00, 0x00, 0x00, 0x00, 
    0x00, 0x00, 0x00, 0x00, 0x00, 0x00, 0x00, 0x00, 0x00, 0x00, 0x00, 0x00, 
    0x00, 0x00, 0x00, 0x00, 0x00, 0x00, 0x00, 0x00, 0x00, 0x00, 0x00, 0x00, 
    0x00, 0x00, 0x00, 0x00, 0x00, 0x00, 0x00, 0x00, 0x00, 0x00, 0x00, 0x00, 
    0x00, 0x00, 0x00, 0x00, 0x00, 0x00, 0x00, 0x00, 0x00, 0x00, 0x00, 0x00, 
    0x00, 0x00, 0x00, 0x00, 0x00, 0x00, 0x00, 0x00, 0x00, 0x00, 0x00, 0x00, 
    0x00, 0x00, 0x00, 0x00, 0x00, 0x00, 0x00, 0x00, 0x00, 0x00, 0x00, 0x00, 
    0x00, 0x00, 0x00, 0x00, 0x00, 0x00, 0x00, 0x00, 0x00, 0x00, 0x00, 0x00, 
    0x00, 0x00, 0x00, 0x00, 0x00, 0x00, 0x00, 0x00, 0x00, 0x00, 0x00, 0x00, 
    0x00, 0x00, 0x00, 0x00, 0x00, 0x00, 0x00, 0x00, 0x00, 0x00, 0x00, 0x00, 
    0x00, 0x00, 0x00, 0x00, 0x00, 0x00, 0x00, 0x00, 0x00, 0x00, 0x00, 0x00, 
    0x00, 0x00, 0x00, 0x00, 0x00, 0x00, 0x00, 0x00, 0x00, 0x00, 0x00, 0x00, 
    0x00, 0x00, 0x00, 0x00, 0x00, 0x00, 0x00, 0x00, 0x00, 0x00, 0x00, 0x00, 
    0x00, 0x00, 0x00, 0x00, 0x00, 0x00, 0x00, 0x00, 0x00, 0x00, 0x00, 0x00, 
    0x00, 0x00, 0x00, 0x00, 0x00, 0x00, 0x00, 0x00, 0x00, 0x00, 0x00, 0x00, 
    0x00, 0x00, 0x00, 0x00, 0x00, 0x00, 0x00, 0x00, 0x00, 0x00, 0x00, 0x00, 
    0x00, 0x00, 0x00, 0x00, 0x00, 0x00, 0x00, 0x00, 0x00, 0x00, 0x00, 0x00, 
    0x00, 0x00, 0x00, 0x00, 0x00, 0x00, 0x00, 0x00, 0x00, 0x00, 0x00, 0x00, 
    0x00, 0x00, 0x00, 0x00, 0x00, 0x00, 0x00, 0x00, 0x00, 0x00, 0x00, 0x00, 
    0x00, 0x00, 0x00, 0x00, 0x00, 0x00, 0x00, 0x00, 0x00, 0x00, 0x00, 0x00, 
    0x00, 0x00, 0x00, 0x00, 0x00, 0x00, 0x00, 0x00, 0x00, 0x00, 0x00, 0x00, 
    0x00, 0x00, 0x00, 0x00, 0x00, 0x00, 0x00, 0x00, 0x00, 0x00, 0x00, 0x00, 
    0x00, 0x00, 0x00, 0x00, 0x00, 0x00, 0x00, 0x00, 0x00, 0x00, 0x00, 0x00, 
    0x00, 0x00, 0x00, 0x00, 0x00, 0x00, 0x00, 0x00, 0x00, 0x00, 0x00, 0x00, 
    0x00, 0x00, 0x00, 0x00, 0x00, 0x00, 0x00, 0x00, 0x00, 0x00, 0x00, 0x00, 
    0x00, 0x00, 0x00, 0x00, 0x00, 0x00, 0x00, 0x00, 0x00, 0x00, 0x00, 0x00, 
    0x00, 0x00, 0x00, 0x00, 0x00, 0x00, 0x00, 0x00, 0x00, 0x00, 0x00, 0x00, 
    0x00, 0x00, 0x00, 0x00, 0x00, 0x00, 0x00, 0x00, 0x00, 0x00, 0x00, 0x00, 
    0x00, 0x00, 0x00, 0x00, 0x00, 0x00, 0x00, 0x00, 0x00, 0x00, 0x00, 0x00, 
    0x00, 0x00, 0x00, 0x00, 0x00, 0x00, 0x00, 0x00, 0x00, 0x00, 0x00, 0x00, 
    0x00, 0x00, 0x00, 0x00, 0x00, 0x00, 0x00, 0x00, 0x00, 0x00, 0x00, 0x00, 
    0x00, 0x00, 0x00, 0x00, 0x00, 0x00, 0x00, 0x00, 0x00, 0x00, 0x00, 0x00, 
    0x00, 0x00, 0x00, 0x00, 0x00, 0x00, 0x00, 0x00, 0x00, 0x00, 0x00, 0x00, 
    0x00, 0x00, 0x00, 0x00, 0x00, 0x00, 0x00, 0x00, 0x00, 0x00, 0x00, 0x00, 
    0x00, 0x00, 0x00, 0x00, 0x00, 0x00, 0x00, 0x00, 0x00, 0x00, 0x00, 0x00, 
    0x00, 0x00, 0x00, 0x00, 0x00, 0x00, 0x00, 0x00, 0x00, 0x00, 0x00, 0x00, 
    0x00, 0x00, 0x00, 0x00, 0x00, 0x00, 0x00, 0x00, 0x00, 0x00, 0x00, 0x00, 
    0x00, 0x00, 0x00, 0x00, 0x00, 0x00, 0x00, 0x00, 0x00, 0x00, 0x00, 0x00, 
    0x00, 0x00, 0x00, 0x00, 0x00, 0x00, 0x00, 0x00, 0x00, 0x00, 0x00, 0x00, 
    0x00, 0x00, 0x00, 0x00, 0x00, 0x00, 0x00, 0x00, 0x00, 0x00, 0x00, 0x00, 
    0x00, 0x00, 0x00, 0x00, 0x00, 0x00, 0x00, 0x00, 0x00, 0x00, 0x00, 0x00, 
    0x00, 0x00, 0x00, 0x00, 0x00, 0x00, 0x00, 0x00, 0x00, 0x00, 0x00, 0x00, 
    0x04, 0x22, 0x80, 0xff, 0x00, 0x00, 0x00, 0x00, 0xf0, 0x24, 0x80, 0xff, 
    0x58, 0x25, 0x80, 0xff, 0xc0, 0x25, 0x80, 0xff, 0x00, 0x00, 0x00, 0x00, 
    0x00, 0x00, 0x00, 0x00, 0x00, 0x00, 0x00, 0x00, 0x00, 0x00, 0x00, 0x00, 
    0x00, 0x00, 0x00, 0x00, 0x00, 0x00, 0x00, 0x00, 0x00, 0x00, 0x00, 0x00, 
    0x00, 0x00, 0x00, 0x00, 0x00, 0x00, 0x00, 0x00, 0xb4, 0x01, 0x80, 0xff, 
    0x00, 0x00, 0x00, 0x00, 0x00, 0x00, 0x00, 0x00, 0x00, 0x00, 0x00, 0x00, 
    0x00, 0x00, 0x00, 0x00, 0x00, 0x00, 0x00, 0x00, 0x00, 0x00, 0x00, 0x00, 
    0x00, 0x00, 0x00, 0x00, 0x00, 0x00, 0x00, 0x00, 0x00, 0x00, 0x00, 0x00, 
    0x00, 0x00, 0x00, 0x00, 0x00, 0x00, 0x00, 0x00, 0x00, 0x00, 0x00, 0x00, 
    0x00, 0x00, 0x00, 0x00, 0x00, 0x00, 0x00, 0x00, 0x00, 0x00, 0x00, 0x00, 
    0x00, 0x00, 0x00, 0x00, 0x00, 0x00, 0x00, 0x00, 0x00, 0x00, 0x00, 0x00, 
    0x00, 0x00, 0x00, 0x00, 0x00, 0x00, 0x00, 0x00, 0x00, 0x00, 0x00, 0x00, 
    0x00, 0x00, 0x00, 0x00, 0x00, 0x00, 0x00, 0x00, 0x00, 0x00, 0x00, 0x00, 
    0x00, 0x00, 0x00, 0x00, 0x00, 0x00, 0x00, 0x00, 0x00, 0x00, 0x00, 0x00, 
    0x01, 0x00, 0x00, 0x00, 0x00, 0x00, 0x00, 0x00, 0x0e, 0x33, 0xcd, 0xab, 
    0x34, 0x12, 0x6d, 0xe6, 0xec, 0xde, 0x05, 0x00, 0x0b, 0x00, 0x00, 0x00, 
    0x00, 0x00, 0x00, 0x00, 0x00, 0x00, 0x00, 0x00, 0x00, 0x00, 0x00, 0x00, 
    0x00, 0x00, 0x00, 0x00, 0x00, 0x00, 0x00, 0x00, 0x00, 0x00, 0x00, 0x00, 
    0x00, 0x00, 0x00, 0x00, 0x00, 0x00, 0x00, 0x00, 0x00, 0x00, 0x00, 0x00, 
    0x00, 0x00, 0x00, 0x00, 0x00, 0x00, 0x00, 0x00, 0x00, 0x00, 0x00, 0x00, 
    0x00, 0x00, 0x00, 0x00, 0x00, 0x00, 0x00, 0x00, 0x00, 0x00, 0x00, 0x00, 
    0x00, 0x00, 0x00, 0x00, 0x00, 0x00, 0x00, 0x00, 0x00, 0x00, 0x00, 0x00, 
    0x00, 0x00, 0x00, 0x00, 0x00, 0x00, 0x00, 0x00, 0x00, 0x00, 0x00, 0x00, 
    0x00, 0x00, 0x00, 0x00, 0x00, 0x00, 0x00, 0x00, 0x00, 0x00, 0x00, 0x00, 
    0x00, 0x00, 0x00, 0x00, 0x00, 0x00, 0x00, 0x00, 0x00, 0x00, 0x00, 0x00, 
    0x00, 0x00, 0x00, 0x00, 0x00, 0x00, 0x00, 0x00, 0x00, 0x00, 0x00, 0x00, 
    0x00, 0x00, 0x00, 0x00, 0x00, 0x00, 0x00, 0x00, 0x00, 0x00, 0x00, 0x00, 
    0x00, 0x00, 0x00, 0x00, 0x00, 0x00, 0x00, 0x00, 0x00, 0x00, 0x00, 0x00, 
    0x00, 0x00, 0x00, 0x00, 0x00, 0x00, 0x00, 0x00, 0x00, 0x00, 0x00, 0x00, 
    0x00, 0x00, 0x00, 0x00, 0x00, 0x00, 0x00, 0x00, 0x00, 0x00, 0x00, 0x00, 
    0x00, 0x00, 0x00, 0x00, 0x00, 0x00, 0x00, 0x00, 0x00, 0x00, 0x00, 0x00, 
    0x00, 0x00, 0x00, 0x00, 0x00, 0x00, 0x00, 0x00, 0x00, 0x00, 0x00, 0x00, 
    0x00, 0x00, 0x00, 0x00, 0x00, 0x00, 0x00, 0x00, 0x00, 0x00, 0x00, 0x00, 
    0x00, 0x00, 0x00, 0x00, 0x00, 0x00, 0x00, 0x00, 0x00, 0x00, 0x00, 0x00, 
    0x00, 0x00, 0x00, 0x00, 0x00, 0x00, 0x00, 0x00, 0x00, 0x00, 0x00, 0x00, 
    0x00, 0x00, 0x00, 0x00, 0x00, 0x00, 0x00, 0x00, 0x00, 0x00, 0x00, 0x00, 
    0x00, 0x00, 0x00, 0x00, 0x00, 0x00, 0x00, 0x00, 0x00, 0x00, 0x00, 0x00, 
    0x00, 0x00, 0x00, 0x00, 0x00, 0x00, 0x00, 0x00, 0x00, 0x00, 0x00, 0x00, 
    0x00, 0x00, 0x00, 0x00, 0x00, 0x00, 0x00, 0x00, 0x00, 0x00, 0x00, 0x00, 
    0x00, 0x00, 0x00, 0x00, 0x00, 0x00, 0x00, 0x00, 0x00, 0x00, 0x00, 0x00, 
    0x00, 0x00, 0x00, 0x00, 0x00, 0x00, 0x00, 0x00, 0x00, 0x00, 0x00, 0x00, 
    0x00, 0x00, 0x00, 0x00, 0x00, 0x00, 0x00, 0x00, 0x00, 0x00, 0x00, 0x00, 
    0x00, 0x00, 0x00, 0x00, 0x00, 0x00, 0x00, 0x00, 0x00, 0x00, 0x00, 0x00, 
    0x00, 0x00, 0x00, 0x00, 0x00, 0x00, 0x00, 0x00, 0x00, 0x00, 0x00, 0x00, 
    0x00, 0x00, 0x00, 0x00, 0x00, 0x00, 0x00, 0x00, 0x00, 0x00, 0x00, 0x00, 
    0x00, 0x00, 0x00, 0x00, 0x00, 0x00, 0x00, 0x00, 0x00, 0x00, 0x00, 0x00, 
    0x00, 0x00, 0x00, 0x00, 0x00, 0x00, 0x00, 0x00, 0x00, 0x00, 0x00, 0x00, 
    0x00, 0x00, 0x00, 0x00, 0x00, 0x00, 0x00, 0x00, 0x00, 0x00, 0x00, 0x00, 
    0x00, 0x00, 0x00, 0x00, 0x00, 0x00, 0x00, 0x00, 0x00, 0x00, 0x00, 0x00, 
    0x00, 0x00, 0x00, 0x00, 0x00, 0x00, 0x00, 0x00, 0x00, 0x00, 0x00, 0x00, 
    0x00, 0x00, 0x00, 0x00, 0x00, 0x00, 0x00, 0x00, 0x00, 0x00, 0x00, 0x00, 
    0x00, 0x00, 0x00, 0x00, 0x00, 0x00, 0x00, 0x00, 0x00, 0x00, 0x00, 0x00, 
    0x00, 0x00, 0x00, 0x00, 0x00, 0x00, 0x00, 0x00, 0x00, 0x00, 0x00, 0x00, 
    0x00, 0x00, 0x00, 0x00, 0x00, 0x00, 0x00, 0x00, 0x00, 0x00, 0x00, 0x00, 
    0x00, 0x00, 0x00, 0x00, 0x00, 0x00, 0x00, 0x00, 0x00, 0x00, 0x00, 0x00, 
    0x00, 0x00, 0x00, 0x00, 0x00, 0x00, 0x00, 0x00, 0x00, 0x00, 0x00, 0x00, 
    0x00, 0x00, 0x00, 0x00, 0x00, 0x00, 0x00, 0x00, 0x00, 0x00, 0x00, 0x00, 
    0x00, 0x00, 0x00, 0x00, 0x00, 0x00, 0x00, 0x00, 0x00, 0x00, 0x00, 0x00, 
    0x00, 0x00, 0x00, 0x00, 0x00, 0x00, 0x00, 0x00, 0x00, 0x00, 0x00, 0x00, 
    0x00, 0x00, 0x00, 0x00, 0x00, 0x00, 0x00, 0x00, 0x00, 0x00, 0x00, 0x00, 
    0x00, 0x00, 0x00, 0x00, 0x00, 0x00, 0x00, 0x00, 0x00, 0x00, 0x00, 0x00, 
    0x00, 0x00, 0x00, 0x00, 0x00, 0x00, 0x00, 0x00, 0x00, 0x00, 0x00, 0x00, 
    0x00, 0x00, 0x00, 0x00, 0x00, 0x00, 0x00, 0x00, 0x00, 0x00, 0x00, 0x00, 
    0x00, 0x00, 0x00, 0x00, 0x00, 0x00, 0x00, 0x00, 0x00, 0x00, 0x00, 0x00, 
    0x00, 0x00, 0x00, 0x00, 0x00, 0x00, 0x00, 0x00, 0x00, 0x00, 0x00, 0x00, 
    0x00, 0x00, 0x00, 0x00, 0x00, 0x00, 0x00, 0x00, 0x00, 0x00, 0x00, 0x00, 
    0x00, 0x00, 0x00, 0x00, 0x00, 0x00, 0x00, 0x00, 0x00, 0x00, 0x00, 0x00, 
    0x00, 0x00, 0x00, 0x00, 0x00, 0x00, 0x00, 0x00, 0x00, 0x00, 0x00, 0x00, 
    0x00, 0x00, 0x00, 0x00, 0x00, 0x00, 0x00, 0x00, 0x00, 0x00, 0x00, 0x00, 
    0x00, 0x00, 0x00, 0x00, 0x00, 0x00, 0x00, 0x00, 0x00, 0x00, 0x00, 0x00, 
    0x00, 0x00, 0x00, 0x00, 0x00, 0x00, 0x00, 0x00, 0x00, 0x00, 0x00, 0x00, 
    0x00, 0x00, 0x00, 0x00, 0x00, 0x00, 0x00, 0x00, 0x00, 0x00, 0x00, 0x00, 
    0x00, 0x00, 0x00, 0x00, 0x00, 0x00, 0x00, 0x00, 0x00, 0x00, 0x00, 0x00, 
    0x00, 0x00, 0x00, 0x00, 0x00, 0x00, 0x00, 0x00, 0x00, 0x00, 0x00, 0x00, 
    0x00, 0x00, 0x00, 0x00, 0x00, 0x00, 0x00, 0x00, 0x00, 0x00, 0x00, 0x00, 
    0x00, 0x00, 0x00, 0x00, 0x00, 0x00, 0x00, 0x00, 0x00, 0x00, 0x00, 0x00, 
    0x00, 0x00, 0x00, 0x00, 0x00, 0x00, 0x00, 0x00, 0x00, 0x00, 0x00, 0x00, 
    0x00, 0x00, 0x00, 0x00, 0x00, 0x00, 0x00, 0x00, 0x00, 0x00, 0x00, 0x00, 
    0x00, 0x00, 0x00, 0x00, 0x00, 0x00, 0x00, 0x00, 0x00, 0x00, 0x00, 0x00, 
    0x00, 0x00, 0x00, 0x00, 0x00, 0x00, 0x00, 0x00, 0x00, 0x00, 0x00, 0x00, 
    0x00, 0x00, 0x00, 0x00, 0x00, 0x00, 0x00, 0x00, 0x00, 0x00, 0x00, 0x00, 
    0x00, 0x00, 0x00, 0x00, 0x00, 0x00, 0x00, 0x00, 0x00, 0x00, 0x00, 0x00, 
    0x00, 0x00, 0x00, 0x00, 0x00, 0x00, 0x00, 0x00, 0x00, 0x00, 0x00, 0x00, 
    0x00, 0x00, 0x00, 0x00, 0x00, 0x00, 0x00, 0x00, 0x00, 0x00, 0x00, 0x00, 
    0x00, 0x00, 0x00, 0x00, 0x00, 0x00, 0x00, 0x00, 0x00, 0x00, 0x00, 0x00, 
    0x00, 0x00, 0x00, 0x00, 0x00, 0x00, 0x00, 0x00, 0x00, 0x00, 0x00, 0x00, 
    0x00, 0x00, 0x00, 0x00, 0x00, 0x00, 0x00, 0x00, 0x00, 0x00, 0x00, 0x00, 
    0x00, 0x00, 0x00, 0x00, 0x00, 0x00, 0x00, 0x00, 0x00, 0x00, 0x00, 0x00, 
    0x00, 0x00, 0x00, 0x00, 0x00, 0x00, 0x00, 0x00, 0x01, 0x01, 0x32, 0xad, 
    0x28, 0x26, 0x80, 0xff, 0xf8, 0x16, 0x00, 0x00, 0x00, 0x00, 0x00, 0x00, 
    0x01, 0x00, 0xec, 0xad, 0x00, 0x00, 0xa0, 0xff, 0x0c, 0x31, 0x00, 0x00, 
    0xef, 0xbe, 0xad, 0xde, 0x21, 0xe1, 0x00, 0x04, 0x08, 0xe1, 0x00, 0x05, 
    0x48, 0xe1, 0xc0, 0xff, 0x40, 0x8a, 0x08, 0xe1, 0x48, 0x0d, 0x48, 0xe1, 
    0xc0, 0xff, 0x01, 0x60, 0x40, 0x8a, 0x07, 0x60, 0x07, 0x3c, 0x1f, 0x3c, 
    0x27, 0x36, 0x2f, 0x36, 0x37, 0x36, 0x3f, 0x36, 0x10, 0xe1, 0x00, 0x13, 
    0x50, 0xe1, 0xe0, 0xff, 0x11, 0xe1, 0x00, 0x03, 0x51, 0xe1, 0xe0, 0xff, 
    0x07, 0x60, 0x07, 0x9f, 0x0f, 0x9f, 0x23, 0x00, 0x48, 0xe1, 0xe0, 0xff, 
    0x08, 0xe1, 0x00, 0x20, 0x40, 0x6c, 0x69, 0x68, 0x01, 0xe1, 0xdc, 0x00, 
    0x41, 0xe1, 0xa0, 0xff, 0xa2, 0xe0, 0x02, 0x10, 0x01, 0x92, 0x49, 0xe1, 
    0xa0, 0xff, 0x09, 0xe1, 0xa8, 0x00, 0x41, 0x93, 0x0e, 0xe1, 0xf4, 0x0f, 
    0x4e, 0xe1, 0xb0, 0xff, 0x46, 0x3e, 0x7e, 0x32, 0xa6, 0x6f, 0x00, 0xe1, 
    0x28, 0x26, 0x40, 0xe1, 0x80, 0xff, 0x01, 0xe1, 0x20, 0x3d, 0x41, 0xe1, 
    0x80, 0xff, 0x81, 0x52, 0x01, 0x60, 0x00, 0xe3, 0x4f, 0x16, 0x20, 0xe1, 
    0x00, 0x04, 0x28, 0x4f, 0x20, 0x30, 0xc2, 0x31, 0x08, 0x4a, 0x10, 0x3e, 
    0x44, 0x00, 0x9f, 0x00, 0x08, 0xe1, 0xa6, 0x00, 0x48, 0xe1, 0xa0, 0xff, 
    0x58, 0x3e, 0x11, 0x00, 0x7b, 0x01, 0x00, 0xe1, 0x00, 0x00, 0x40, 0xe1, 
    0x00, 0x00, 0x40, 0x01, 0x40, 0x01, 0x7e, 0x32, 0xa6, 0x6f, 0x00, 0xe3, 
    0x19, 0x18, 0x00, 0xe1, 0xfe, 0x30, 0x40, 0xe1, 0xa0, 0xff, 0x00, 0xe3, 
    0xbb, 0x15, 0x00, 0x60, 0x01, 0xe1, 0x28, 0x26, 0x41, 0xe1, 0x80, 0xff, 
    0x00, 0xe3, 0xae, 0x03, 0x00, 0xe3, 0xbe, 0x15, 0x20, 0x00, 0x23, 0x00, 
    0xfe, 0x2f, 0x10, 0x00, 0xfb, 0x05, 0x4b, 0xe1, 0x80, 0xff, 0x0b, 0xe1, 
    0x2c, 0x26, 0x18, 0x99, 0x00, 0xe8, 0x03, 0x00, 0x00, 0x0c, 0x2c, 0x10, 
    0x4c, 0xe1, 0x80, 0xff, 0x0c, 0xe1, 0xc4, 0x01, 0x40, 0xe1, 0x80, 0xff, 
    0x00, 0xe1, 0xc8, 0x01, 0x54, 0x30, 0x4d, 0xe1, 0x80, 0xff, 0x10, 0x52, 
    0x0d, 0xe1, 0x30, 0x26, 0x82, 0xce, 0xf0, 0x0f, 0x29, 0x91, 0x00, 0x00, 
    0xff, 0x67, 0xb9, 0x09, 0x0a, 0x10, 0x11, 0x32, 0x0a, 0x6c, 0x6a, 0x93, 
    0x94, 0x5e, 0x52, 0x91, 0x62, 0x00, 0x29, 0x91, 0xb9, 0x09, 0xf8, 0x1f, 
    0x4a, 0xe1, 0x00, 0x00, 0x0a, 0xe1, 0x00, 0x00, 0x42, 0x0c, 0x06, 0x18, 
    0x40, 0xe1, 0x80, 0xff, 0x00, 0xe1, 0xb8, 0x01, 0x62, 0x00, 0x08, 0x60, 
    0x18, 0x9b, 0x01, 0xe8, 0x00, 0x00, 0xbb, 0x05, 0x10, 0x00, 0x00, 0x00, 
    0x00, 0xe8, 0x03, 0x00, 0x01, 0xe8, 0x00, 0x00, 0x10, 0x00, 0x00, 0x00, 
    0x4a, 0xe1, 0x00, 0x00, 0x0a, 0xe1, 0x00, 0x00, 0x00, 0xe8, 0x03, 0x00, 
    0x42, 0x0c, 0x0a, 0x18, 0x40, 0xe1, 0x80, 0xff, 0x41, 0xe1, 0x80, 0xff, 
    0x00, 0xe1, 0xb8, 0x01, 0x01, 0xe1, 0x34, 0x26, 0x62, 0x00, 0x49, 0xe1, 
    0x80, 0xff, 0x09, 0xe1, 0xcc, 0x01, 0x08, 0x91, 0x00, 0x0c, 0x0b, 0x18, 
    0x4a, 0xe1, 0x00, 0x00, 0x0a, 0xe1, 0x00, 0x00, 0x42, 0x0c, 0x05, 0x18, 
    0x41, 0x30, 0x01, 0xe8, 0x00, 0x00, 0x52, 0x00, 0x01, 0xe8, 0x00, 0x00, 
    0x10, 0x00, 0x00, 0x00, 0x00, 0xe8, 0x03, 0x00, 0x01, 0xe8, 0x00, 0x00, 
    0x10, 0x00, 0x00, 0x00, 0x08, 0x32, 0x4a, 0x68, 0x00, 0xe8, 0x00, 0x00, 
    0x51, 0x0a, 0x15, 0x14, 0x4a, 0xe1, 0x80, 0xff, 0x0a, 0xe1, 0x00, 0x00, 
    0x8a, 0x5e, 0x52, 0x91, 0x49, 0xe1, 0x80, 0xff, 0x09, 0xe1, 0xe0, 0x01, 
    0x52, 0x00, 0x00, 0x60, 0x06, 0x20, 0x00, 0x20, 0x00, 0x20, 0x08, 0x60, 
    0x02, 0x20, 0x10, 0x60, 0x08, 0x93, 0x07, 0x20, 0x4a, 0xe1, 0x80, 0xff, 
    0x08, 0x60, 0x0a, 0xe1, 0xe0, 0x01, 0x10, 0x93, 0x4a, 0xe1, 0x80, 0xff, 
    0x0a, 0xe1, 0xe0, 0x01, 0x10, 0x91, 0x01, 0xe8, 0x00, 0x00, 0x10, 0x00, 
    0xc3, 0x04, 0x4c, 0xe1, 0x80, 0xff, 0x28, 0x32, 0x0c, 0xe1, 0x4c, 0x26, 
    0x22, 0x91, 0xf8, 0x61, 0x00, 0xe8, 0x00, 0x00, 0x01, 0x32, 0x02, 0x09, 
    0x2c, 0x10, 0x45, 0x0c, 0x2a, 0x18, 0x40, 0x0c, 0x28, 0x18, 0x83, 0xa0, 
    0x03, 0x0c, 0x25, 0x1c, 0x00, 0x91, 0x00, 0x0c, 0x22, 0x1c, 0x41, 0xa0, 
    0x01, 0x30, 0xf8, 0x67, 0x08, 0x54, 0x00, 0x0c, 0x1c, 0x10, 0xa0, 0x60, 
    0xd0, 0x40, 0x18, 0x32, 0x49, 0xe1, 0x80, 0xff, 0x09, 0xe1, 0x50, 0x26, 
    0x00, 0x60, 0x2a, 0x93, 0x99, 0x5a, 0xd0, 0xb0, 0x10, 0xb1, 0x00, 0x91, 
    0x10, 0x93, 0x82, 0xc6, 0x12, 0x80, 0x93, 0xb0, 0x10, 0x50, 0x10, 0x32, 
    0x40, 0xa0, 0x91, 0x5e, 0x50, 0xb0, 0x02, 0x30, 0x08, 0x64, 0x20, 0x93, 
    0x00, 0x60, 0x02, 0x20, 0x30, 0x60, 0x01, 0xe8, 0x00, 0x00, 0x83, 0x04, 
    0x10, 0x00, 0x00, 0x00, 0x18, 0x30, 0xc5, 0x04, 0xf8, 0x61, 0x00, 0xe8, 
    0x03, 0x00, 0x01, 0x32, 0x03, 0x0a, 0x22, 0x10, 0xa0, 0x60, 0xd8, 0x40, 
    0x10, 0x32, 0x49, 0xe1, 0x80, 0xff, 0x09, 0xe1, 0x50, 0x26, 0x51, 0x5b, 
    0xe9, 0xa0, 0x28, 0xa1, 0x01, 0x08, 0x16, 0x18, 0x82, 0xc6, 0x13, 0x80, 
    0x18, 0x50, 0x10, 0x32, 0x29, 0xa1, 0x2a, 0x91, 0x91, 0x5e, 0x50, 0xa0, 
    0xf8, 0x67, 0x08, 0x54, 0xd0, 0x40, 0xa9, 0xa0, 0x41, 0x50, 0x40, 0x30, 
    0x00, 0xe3, 0xda, 0x14, 0x28, 0xa1, 0x08, 0x64, 0x28, 0xb1, 0x00, 0x60, 
    0x02, 0x20, 0x40, 0x60, 0x01, 0xe8, 0x00, 0x00, 0x85, 0x04, 0x10, 0x00, 
    0xf5, 0x05, 0x30, 0x30, 0xf8, 0x61, 0x00, 0xe8, 0x03, 0x00, 0x01, 0x32, 
    0x06, 0x0a, 0x03, 0x1c, 0x3f, 0x60, 0x33, 0x20, 0xa0, 0x60, 0xf0, 0x40, 
    0x41, 0xe1, 0x80, 0xff, 0x01, 0xe1, 0x50, 0x26, 0x41, 0x50, 0x11, 0x32, 
    0xd0, 0xa0, 0x11, 0xa1, 0x08, 0x52, 0x51, 0xa0, 0x08, 0x08, 0x03, 0x18, 
    0x3f, 0x60, 0x05, 0x20, 0x10, 0xa1, 0x08, 0x64, 0x10, 0xb1, 0x17, 0x60, 
    0xa0, 0x60, 0xf0, 0x40, 0x10, 0x32, 0x49, 0xe1, 0x80, 0xff, 0x09, 0xe1, 
    0x50, 0x26, 0x82, 0xc6, 0x16, 0x80, 0x30, 0x50, 0x51, 0x5b, 0x10, 0x32, 
    0xeb, 0xa0, 0x2a, 0x91, 0xa8, 0xa0, 0x91, 0x5e, 0x51, 0xa0, 0xf9, 0x67, 
    0x59, 0x54, 0xd1, 0x40, 0x08, 0x50, 0x48, 0x30, 0x00, 0xe3, 0x9a, 0x14, 
    0xe8, 0xa0, 0x08, 0x64, 0xe8, 0xb0, 0x17, 0x0c, 0x00, 0x60, 0x38, 0x06, 
    0x07, 0x30, 0x01, 0xe8, 0x00, 0x00, 0xb5, 0x05, 0x10, 0x00, 0x00, 0x00, 
    0xfd, 0x05, 0x38, 0x30, 0xf8, 0x61, 0x00, 0xe8, 0x03, 0x00, 0x01, 0x32, 
    0x07, 0x0a, 0x24, 0x10, 0xa0, 0x60, 0xf8, 0x40, 0x10, 0x32, 0x49, 0xe1, 
    0x80, 0xff, 0x09, 0xe1, 0x50, 0x26, 0x51, 0x5b, 0xe8, 0xa0, 0x29, 0xa1, 
    0x08, 0x52, 0x69, 0xa0, 0x08, 0x08, 0x16, 0x18, 0x82, 0xc6, 0x17, 0x80, 
    0x38, 0x50, 0x10, 0x32, 0xeb, 0xa0, 0x2a, 0x91, 0xa8, 0xa0, 0x91, 0x5e, 
    0x51, 0xa0, 0xf9, 0x67, 0x59, 0x54, 0xd1, 0x40, 0x08, 0x50, 0x48, 0x30, 
    0x00, 0xe3, 0x68, 0x14, 0xe8, 0xa0, 0x08, 0x64, 0xe8, 0xb0, 0x00, 0x60, 
    0x02, 0x20, 0x38, 0x60, 0x01, 0xe8, 0x00, 0x00, 0xbd, 0x05, 0x10, 0x00, 
    0x00, 0xe8, 0x00, 0x00, 0x10, 0x32, 0x02, 0x0c, 0x09, 0x1c, 0x00, 0x60, 
    0x10, 0x9b, 0xfa, 0x67, 0x42, 0x30, 0x01, 0xe8, 0x00, 0x00, 0x00, 0xe2, 
    0x43, 0x15, 0x01, 0xe8, 0x00, 0x00, 0x10, 0x00, 0x00, 0xe8, 0x00, 0x00, 
    0xb8, 0xb0, 0x4a, 0xe1, 0x80, 0xff, 0x0a, 0xe1, 0x80, 0x35, 0x00, 0x60, 
    0x49, 0xe1, 0x80, 0xff, 0x10, 0x9b, 0x09, 0xe1, 0x54, 0x30, 0xca, 0xac, 
    0xf9, 0xb0, 0x3a, 0xb1, 0x42, 0x0c, 0x06, 0x18, 0x01, 0x60, 0x01, 0xe8, 
    0x00, 0x00, 0x08, 0xa1, 0x52, 0x00, 0x01, 0xe8, 0x00, 0x00, 0x10, 0x00, 
    0xc3, 0x04, 0x4a, 0xe1, 0x80, 0xff, 0x00, 0xe8, 0x0d, 0x00, 0x20, 0x32, 
    0x0a, 0xe1, 0x80, 0x35, 0x10, 0x99, 0x00, 0x0c, 0x03, 0x18, 0x00, 0x60, 
    0x3f, 0x20, 0x08, 0x60, 0x10, 0x9b, 0x40, 0xe1, 0x80, 0xff, 0x4c, 0x30, 
    0x42, 0x61, 0x00, 0xe1, 0x54, 0x30, 0x00, 0xe3, 0x1d, 0x14, 0x20, 0xa5, 
    0x08, 0x4f, 0x5e, 0x30, 0x5c, 0x32, 0x61, 0xa0, 0xc2, 0x42, 0x05, 0x68, 
    0x63, 0x64, 0xa3, 0x6c, 0xa8, 0x68, 0xb3, 0xe0, 0x09, 0x00, 0x07, 0x20, 
    0x0b, 0x32, 0xa9, 0x5a, 0x6b, 0x5a, 0x48, 0x99, 0x10, 0x9b, 0x0d, 0x6c, 
    0x00, 0x00, 0x20, 0x91, 0x00, 0xe3, 0x84, 0x02, 0x00, 0x0c, 0x08, 0x1c, 
    0x4a, 0xe1, 0x80, 0xff, 0x00, 0x60, 0x0a, 0xe1, 0x80, 0x35, 0x10, 0x9b, 
    0x15, 0x20, 0x4c, 0x30, 0x47, 0x30, 0xa1, 0x64, 0x60, 0x67, 0xa2, 0x60, 
    0x00, 0xe3, 0xf6, 0x13, 0x78, 0xe4, 0xf6, 0xff, 0x08, 0x0c, 0x09, 0x14, 
    0x4a, 0xe1, 0x80, 0xff, 0x0a, 0xe1, 0x7c, 0x30, 0x10, 0x91, 0x4c, 0x30, 
    0xff, 0xe3, 0x5e, 0xff, 0x08, 0x60, 0x01, 0xe8, 0x00, 0x00, 0x83, 0x04, 
    0x10, 0x00, 0x00, 0x00, 0xe3, 0x05, 0x00, 0xe8, 0x0d, 0x00, 0x4a, 0xe1, 
    0x80, 0xff, 0x78, 0xb2, 0x0a, 0xe1, 0x81, 0x35, 0x10, 0x99, 0xb9, 0xb2, 
    0x32, 0x30, 0xbb, 0xaf, 0xfc, 0xaf, 0x3d, 0xe5, 0x10, 0x00, 0x3c, 0xe4, 
    0x11, 0x00, 0x3d, 0xe4, 0x12, 0x00, 0x00, 0x0c, 0x03, 0x1c, 0x20, 0x60, 
    0x2f, 0x20, 0x90, 0x42, 0x80, 0x0c, 0x03, 0x14, 0x10, 0x60, 0x2a, 0x20, 
    0x7f, 0x30, 0xc7, 0x66, 0x01, 0x60, 0x42, 0x61, 0x07, 0x30, 0x00, 0xe3, 
    0x13, 0x14, 0x78, 0xa2, 0x60, 0xbb, 0xb8, 0xa2, 0x70, 0xbb, 0x38, 0xa3, 
    0x90, 0xbb, 0x78, 0xa3, 0xa0, 0xbb, 0x7e, 0xe6, 0xf0, 0xff, 0xf5, 0xbb, 
    0xe4, 0xbb, 0xdd, 0xbb, 0xcc, 0xbb, 0xbb, 0xbb, 0x07, 0x30, 0xff, 0xe3, 
    0x7d, 0xff, 0x40, 0x43, 0x00, 0x0c, 0x0d, 0x14, 0x4a, 0xe1, 0x80, 0xff, 
    0x0a, 0xe1, 0x50, 0x2b, 0x10, 0x91, 0x0f, 0x30, 0xff, 0xe3, 0x18, 0xff, 
    0x00, 0x0c, 0x03, 0x1c, 0x18, 0x60, 0x02, 0x20, 0x00, 0x60, 0x01, 0xe8, 
    0x00, 0x00, 0xa3, 0x05, 0x10, 0x00, 0x00, 0x00, 0xfd, 0x05, 0x00, 0xe8, 
    0x0d, 0x00, 0x38, 0xb1, 0x4a, 0xe1, 0x80, 0xff, 0x08, 0x60, 0x0a, 0xe1, 
    0x81, 0x35, 0x4d, 0xe1, 0x80, 0xff, 0x7f, 0x30, 0x79, 0xb1, 0xba, 0xb1, 
    0x10, 0x9b, 0x0d, 0xe1, 0x50, 0x2b, 0xc7, 0x66, 0x07, 0x20, 0x9a, 0xb9, 
    0x42, 0x0c, 0x04, 0x1c, 0xa0, 0xb9, 0x09, 0x60, 0x62, 0x00, 0x0f, 0x30, 
    0x28, 0x91, 0xff, 0xe3, 0x81, 0xfe, 0x00, 0x0c, 0xf5, 0x1f, 0x4a, 0xe1, 
    0x80, 0xff, 0x0a, 0xe1, 0x80, 0x35, 0x10, 0x99, 0x00, 0x0c, 0x15, 0x1c, 
    0x00, 0x60, 0x49, 0xe1, 0x80, 0xff, 0x10, 0x9b, 0x09, 0xe1, 0x54, 0x30, 
    0xca, 0xac, 0x42, 0x0c, 0x0c, 0x18, 0x09, 0x60, 0x08, 0xa1, 0x62, 0x00, 
    0x08, 0x20, 0x9a, 0xb9, 0x42, 0x0c, 0x0b, 0x1c, 0xa0, 0xb9, 0x09, 0x60, 
    0x62, 0x00, 0x07, 0x20, 0x4d, 0xe1, 0x80, 0xff, 0x7f, 0x30, 0x0d, 0xe1, 
    0x7c, 0x30, 0xc7, 0x66, 0x0f, 0x30, 0x28, 0x91, 0xff, 0xe3, 0x5a, 0xfe, 
    0x00, 0x0c, 0xee, 0x1f, 0x4a, 0xe1, 0x80, 0xff, 0x00, 0x60, 0x0a, 0xe1, 
    0x81, 0x35, 0x10, 0x9b, 0x01, 0xe8, 0x00, 0x00, 0xbd, 0x05, 0x10, 0x00, 
    0xeb, 0x05, 0x00, 0xe8, 0x1e, 0x00, 0x38, 0xb2, 0x79, 0xb2, 0xba, 0xb2, 
    0x47, 0x30, 0x4f, 0x30, 0xc0, 0x66, 0x01, 0x65, 0xa2, 0x60, 0x00, 0xe3, 
    0x3d, 0x13, 0x78, 0xe4, 0xec, 0xff, 0x10, 0x0c, 0x12, 0x14, 0xfa, 0xae, 
    0x42, 0x0c, 0x04, 0x18, 0x38, 0xa3, 0x01, 0x60, 0x62, 0x00, 0x4a, 0xe1, 
    0x80, 0xff, 0x0a, 0xe1, 0x7c, 0x30, 0x10, 0x91, 0x2a, 0xe1, 0xb0, 0xff, 
    0x97, 0x5a, 0x4a, 0x30, 0xff, 0xe3, 0x2c, 0xfe, 0x78, 0xe4, 0x10, 0x00, 
    0x08, 0x0c, 0x2a, 0x14, 0x10, 0x60, 0x5f, 0x32, 0x78, 0xe6, 0x10, 0x00, 
    0x63, 0x6f, 0x01, 0x60, 0xa2, 0x60, 0xbd, 0xa2, 0x7e, 0xa2, 0x7f, 0xe4, 
    0x11, 0x00, 0x43, 0x30, 0x00, 0xe3, 0x68, 0x13, 0x4f, 0x30, 0x43, 0x30, 
    0x01, 0x65, 0xa2, 0x60, 0x00, 0xe3, 0x10, 0x13, 0x00, 0x60, 0x66, 0x32, 
    0xf0, 0xb0, 0x30, 0xb1, 0x00, 0x68, 0xa4, 0x6c, 0xad, 0x68, 0xb3, 0xe0, 
    0x08, 0x50, 0x06, 0x20, 0x43, 0x5a, 0x84, 0x5a, 0x48, 0x99, 0x10, 0x9b, 
    0x08, 0x6c, 0x00, 0x00, 0x05, 0x30, 0x0e, 0x30, 0x17, 0x30, 0xff, 0xe3, 
    0x19, 0xff, 0x01, 0xe8, 0x00, 0x00, 0xab, 0x05, 0x10, 0x00, 0x00, 0x00, 
    0x70, 0x05, 0x40, 0xe1, 0x80, 0xff, 0x00, 0xe8, 0x09, 0x00, 0x00, 0xe1, 
    0x54, 0x2b, 0xf0, 0xbb, 0x46, 0x61, 0x07, 0x61, 0x4f, 0x30, 0x40, 0xe1, 
    0x80, 0xff, 0xd6, 0xbb, 0xe7, 0xbb, 0xa1, 0x67, 0x00, 0xe1, 0x50, 0x2b, 
    0xff, 0xe3, 0xa8, 0xfd, 0x40, 0xe1, 0x80, 0xff, 0x00, 0xe1, 0x80, 0x30, 
    0xc0, 0xbb, 0x4f, 0x30, 0x40, 0xe1, 0x80, 0xff, 0xa6, 0xbb, 0xb7, 0xbb, 
    0x41, 0x67, 0x00, 0xe1, 0x7c, 0x30, 0xff, 0xe3, 0x99, 0xfd, 0x40, 0xe1, 
    0xa0, 0xff, 0x41, 0xe1, 0xa0, 0xff, 0x42, 0xe1, 0xa0, 0xff, 0x00, 0xe1, 
    0xf0, 0x05, 0x01, 0xe1, 0xe8, 0x03, 0x02, 0xe1, 0x50, 0x05, 0x00, 0xe3, 
    0x99, 0x01, 0x01, 0xe8, 0x00, 0x00, 0x30, 0x05, 0x10, 0x00, 0x00, 0x00, 
    0x4a, 0xe1, 0x80, 0xff, 0x00, 0xe8, 0x00, 0x00, 0x08, 0x30, 0x0a, 0xe1, 
    0x84, 0x35, 0x10, 0x91, 0x01, 0xe8, 0x00, 0x00, 0xff, 0xe2, 0xb8, 0xfd, 
    0x4a, 0xe1, 0x80, 0xff, 0x00, 0xe8, 0x00, 0x00, 0x08, 0x30, 0x0a, 0xe1, 
    0x88, 0x37, 0x10, 0x91, 0x01, 0xe8, 0x00, 0x00, 0xff, 0xe2, 0xda, 0xfd, 
    0x40, 0xe1, 0x80, 0xff, 0x00, 0xe8, 0x09, 0x00, 0x00, 0xe1, 0x8c, 0x37, 
    0xf0, 0xbb, 0x40, 0xe1, 0x80, 0xff, 0x21, 0xe1, 0x00, 0x02, 0x00, 0xe1, 
    0x88, 0x35, 0xe1, 0xbb, 0xb1, 0xbb, 0xc0, 0xbb, 0x0a, 0x60, 0x40, 0xe1, 
    0x80, 0xff, 0x4f, 0x30, 0xd2, 0xbb, 0xa2, 0xbb, 0x00, 0xe1, 0x88, 0x37, 
    0xa1, 0x67, 0xff, 0xe3, 0x53, 0xfd, 0x00, 0x0c, 0x0b, 0x14, 0x40, 0xe1, 
    0x80, 0xff, 0x4f, 0x30, 0x00, 0xe1, 0x84, 0x35, 0x41, 0x67, 0xff, 0xe3, 
    0x49, 0xfd, 0x00, 0x0c, 0x15, 0x10, 0x00, 0xe3, 0xed, 0x04, 0x41, 0xe1, 
    0xa0, 0xff, 0x00, 0x60, 0x01, 0xe1, 0xb0, 0x07, 0x00, 0xe3, 0xb8, 0x04, 
    0x40, 0xe1, 0x80, 0xff, 0x41, 0xe1, 0x80, 0xff, 0x00, 0xe1, 0x8d, 0x39, 
    0x01, 0xe1, 0x8c, 0x39, 0x0a, 0x60, 0x00, 0xe3, 0xc3, 0x04, 0x01, 0xe8, 
    0x00, 0x00, 0x10, 0x00, 0xc5, 0x04, 0x4a, 0xe1, 0x80, 0xff, 0x00, 0xe8, 
    0x03, 0x00, 0x0a, 0xe1, 0x84, 0x35, 0x41, 0xe1, 0x80, 0xff, 0x10, 0x91, 
    0x01, 0xe1, 0x8c, 0x39, 0xff, 0xe3, 0x8e, 0xfd, 0x4d, 0xe1, 0x80, 0xff, 
    0x4a, 0xe1, 0x80, 0xff, 0x0a, 0xe1, 0x88, 0x37, 0x0d, 0xe1, 0x8d, 0x39, 
    0x10, 0x91, 0x4d, 0x30, 0xff, 0xe3, 0x54, 0xfd, 0x00, 0x0c, 0x03, 0x18, 
    0x00, 0x60, 0x28, 0x9b, 0x40, 0xe1, 0x80, 0xff, 0x41, 0xe1, 0x80, 0xff, 
    0x01, 0xe8, 0x00, 0x00, 0x00, 0xe1, 0x8d, 0x39, 0x01, 0xe1, 0x8c, 0x39, 
    0x0a, 0x60, 0x85, 0x04, 0x00, 0xe2, 0x94, 0x04, 0x00, 0xe8, 0x03, 0x00, 
    0x00, 0xe3, 0x86, 0x05, 0x49, 0xe1, 0x80, 0xff, 0x09, 0xe1, 0x98, 0x39, 
    0x4a, 0xe1, 0x80, 0xff, 0x08, 0x93, 0x0a, 0xe1, 0x90, 0x39, 0x10, 0x91, 
    0x48, 0xb0, 0x08, 0x91, 0x49, 0xa0, 0x01, 0xe8, 0x00, 0x00, 0x10, 0x00, 
    0xed, 0x05, 0x4a, 0xe1, 0xc0, 0xff, 0x00, 0xe8, 0x03, 0x00, 0x08, 0x60, 
    0x0a, 0xe1, 0x08, 0x15, 0x10, 0x97, 0x00, 0xe3, 0xcf, 0x0a, 0x00, 0xe3, 
    0xb1, 0x0a, 0x00, 0xe3, 0x69, 0x00, 0x4a, 0xe1, 0xc0, 0xff, 0x00, 0x60, 
    0x0a, 0xe1, 0x10, 0x01, 0x10, 0x93, 0x22, 0x6c, 0x10, 0x93, 0x22, 0x6c, 
    0x10, 0x93, 0x22, 0x6c, 0x10, 0x93, 0xa2, 0x6d, 0x10, 0x93, 0x22, 0x6c, 
    0x10, 0x93, 0x22, 0x6c, 0x10, 0x93, 0x22, 0x6c, 0x10, 0x93, 0xf8, 0x63, 
    0x42, 0x6e, 0x10, 0x93, 0x4a, 0xe1, 0xc0, 0xff, 0x0a, 0xe1, 0x64, 0x01, 
    0x10, 0x93, 0x00, 0xe3, 0x6d, 0x0a, 0x00, 0xe3, 0xa3, 0x09, 0x00, 0xe3, 
    0x51, 0x07, 0x00, 0xe3, 0x4f, 0x05, 0x4d, 0xe1, 0x80, 0xff, 0x00, 0xe3, 
    0xe7, 0x10, 0x0d, 0xe1, 0x90, 0x39, 0x00, 0xe3, 0x25, 0x05, 0x40, 0x43, 
    0x00, 0x0c, 0x18, 0x1c, 0xb6, 0x31, 0xbf, 0x31, 0x00, 0xe3, 0x0a, 0x05, 
    0x28, 0x30, 0x00, 0xe3, 0x11, 0x05, 0x08, 0x30, 0x05, 0x30, 0x00, 0xe3, 
    0xb7, 0x10, 0x00, 0xe3, 0x1f, 0x05, 0x86, 0x31, 0x8f, 0x31, 0xf0, 0x52, 
    0x0c, 0x03, 0x18, 0x02, 0x02, 0x02, 0x39, 0x52, 0x10, 0x52, 0x2b, 0x93, 
    0x68, 0xb0, 0x00, 0xe3, 0x2b, 0x07, 0xe2, 0x2f, 0x40, 0x43, 0x00, 0xe8, 
    0x00, 0x00, 0x08, 0x0c, 0x0c, 0x18, 0x00, 0x0c, 0x05, 0x1c, 0x10, 0x0c, 
    0x0d, 0x18, 0x00, 0x60, 0x10, 0x20, 0x4a, 0xe1, 0xc0, 0xff, 0x0a, 0xe1, 
    0x00, 0x07, 0x0a, 0x20, 0x4a, 0xe1, 0xc0, 0xff, 0x0a, 0xe1, 0x00, 0x15, 
    0x05, 0x20, 0x4a, 0xe1, 0xc0, 0xff, 0x0a, 0xe1, 0x00, 0x17, 0x10, 0x95, 
    0x01, 0xe8, 0x00, 0x00, 0x10, 0x00, 0x00, 0x00, 0x4a, 0xe1, 0xc0, 0xff, 
    0x00, 0xe8, 0x00, 0x00, 0x20, 0xe1, 0x55, 0x05, 0x0a, 0xe1, 0x10, 0x32, 
    0x10, 0x97, 0x20, 0xe1, 0x20, 0x28, 0x22, 0x6c, 0x10, 0x97, 0x50, 0x61, 
    0x22, 0x6c, 0x10, 0x97, 0x24, 0x00, 0x20, 0xe1, 0xff, 0xd7, 0x42, 0x6f, 
    0x10, 0x97, 0x20, 0xe1, 0x9e, 0xf9, 0x22, 0x6c, 0x10, 0x97, 0xf8, 0x63, 
    0x22, 0x6c, 0x10, 0x97, 0x24, 0x00, 0x49, 0xe1, 0xc0, 0xff, 0x09, 0xe1, 
    0x08, 0x15, 0x21, 0xe1, 0x81, 0x00, 0x4a, 0xe1, 0xc0, 0xff, 0x09, 0x97, 
    0x20, 0xe1, 0x81, 0x06, 0x0a, 0xe1, 0x30, 0x15, 0x10, 0x97, 0x09, 0x97, 
    0x24, 0x00, 0x01, 0xe8, 0x00, 0x00, 0x10, 0x00, 0xe5, 0x05, 0x49, 0xe1, 
    0x80, 0xff, 0x28, 0x30, 0x09, 0xe1, 0xb4, 0x39, 0x00, 0xe8, 0x03, 0x00, 
    0x21, 0x30, 0x08, 0x91, 0x32, 0x30, 0xbf, 0xa2, 0xf9, 0xa2, 0x3d, 0xaf, 
    0x78, 0xaf, 0xbb, 0xa3, 0x00, 0x0c, 0x03, 0x14, 0x08, 0x60, 0x3f, 0x20, 
    0x4a, 0xe1, 0xc0, 0xff, 0x0a, 0xe1, 0x04, 0x34, 0x12, 0x95, 0x08, 0x91, 
    0x08, 0x0c, 0x03, 0x18, 0x00, 0x60, 0x04, 0x20, 0x22, 0x49, 0x00, 0x02, 
    0x00, 0x4b, 0x00, 0x0c, 0x03, 0x10, 0x10, 0x60, 0x2e, 0x20, 0x02, 0x69, 
    0x16, 0x97, 0x22, 0x69, 0x15, 0x93, 0x42, 0x69, 0x14, 0x93, 0x62, 0x69, 
    0x17, 0x93, 0x82, 0x69, 0x11, 0x93, 0xa2, 0x69, 0x55, 0x93, 0xc2, 0x69, 
    0x50, 0x93, 0xe2, 0x69, 0x13, 0x93, 0x3d, 0xbf, 0x4d, 0xe1, 0x80, 0xff, 
    0xf9, 0xb2, 0x0d, 0xe1, 0xd0, 0x39, 0x45, 0x30, 0x4f, 0x30, 0xbf, 0xb2, 
    0x78, 0xbf, 0xbb, 0xb3, 0x41, 0x65, 0xa2, 0x60, 0x20, 0x64, 0x00, 0xe3, 
    0x3f, 0x11, 0xf0, 0x42, 0x78, 0x64, 0x20, 0x4e, 0x4a, 0xe1, 0xc0, 0xff, 
    0x28, 0x97, 0x0a, 0xe1, 0x04, 0x34, 0x10, 0x95, 0x20, 0x4a, 0x10, 0x97, 
    0x24, 0x00, 0x00, 0x60, 0x01, 0xe8, 0x00, 0x00, 0xa5, 0x05, 0x10, 0x00, 
    0x70, 0x05, 0x48, 0xe1, 0xc0, 0xff, 0x00, 0xe8, 0x00, 0x00, 0x08, 0xe1, 
    0x58, 0x01, 0x18, 0x30, 0x32, 0x30, 0x00, 0x91, 0x22, 0xe1, 0x60, 0x00, 
    0x10, 0x56, 0x00, 0x93, 0x40, 0xe1, 0xa0, 0xff, 0x4a, 0xe1, 0xe0, 0xff, 
    0x00, 0xe1, 0x94, 0x10, 0x0a, 0xe1, 0x34, 0x20, 0x49, 0xe1, 0xc0, 0xff, 
    0x10, 0x93, 0x09, 0xe1, 0x4c, 0x01, 0x08, 0x91, 0x88, 0x4a, 0x39, 0x30, 
    0x08, 0x93, 0x24, 0x00, 0x30, 0x00, 0x68, 0x4a, 0x40, 0x00, 0x23, 0x00, 
    0x24, 0x00, 0x00, 0x91, 0x21, 0xe1, 0x00, 0x05, 0x08, 0x56, 0x00, 0x93, 
    0x40, 0xe1, 0xa0, 0xff, 0x00, 0xe1, 0x5c, 0x0e, 0xe2, 0x6f, 0x10, 0x93, 
    0x08, 0x91, 0x90, 0x4a, 0x08, 0x93, 0x24, 0x00, 0x30, 0x00, 0x60, 0x4a, 
    0x40, 0x00, 0x23, 0x00, 0x24, 0x00, 0x4a, 0xe1, 0xc0, 0xff, 0x0a, 0xe1, 
    0x1c, 0x01, 0x19, 0x60, 0x10, 0x91, 0x81, 0x4f, 0x08, 0x56, 0x10, 0x93, 
    0x40, 0xe1, 0xa0, 0xff, 0x4a, 0xe1, 0xe0, 0xff, 0x00, 0xe1, 0x2c, 0x0b, 
    0x0a, 0xe1, 0x28, 0x20, 0x10, 0x93, 0x4a, 0xe1, 0xc0, 0xff, 0x0a, 0xe1, 
    0x0c, 0x01, 0x10, 0x91, 0xe0, 0x4a, 0x10, 0x93, 0x24, 0x00, 0x30, 0x00, 
    0x50, 0x4a, 0x40, 0x00, 0x23, 0x00, 0x24, 0x00, 0x0a, 0x32, 0x00, 0x60, 
    0x2a, 0xe1, 0x00, 0x02, 0xb2, 0xe0, 0x03, 0x20, 0x08, 0x96, 0x08, 0x64, 
    0x4a, 0xe1, 0x80, 0xff, 0x0a, 0xe1, 0xac, 0x39, 0x13, 0x93, 0x4a, 0xe1, 
    0x80, 0xff, 0x0a, 0xe1, 0xa8, 0x39, 0x17, 0x93, 0x4a, 0xe1, 0x80, 0xff, 
    0x0a, 0xe1, 0xb0, 0x39, 0x16, 0x93, 0x4a, 0xe1, 0xc0, 0xff, 0x20, 0xe1, 
    0x45, 0x07, 0x0a, 0xe1, 0x00, 0x34, 0x10, 0x97, 0x24, 0x00, 0x4a, 0xe1, 
    0x80, 0xff, 0x08, 0x60, 0x0a, 0xe1, 0xb4, 0x39, 0x10, 0x93, 0x01, 0xe8, 
    0x00, 0x00, 0x30, 0x05, 0x10, 0x00, 0x00, 0x00, 0x66, 0x01, 0x71, 0x01, 
    0x74, 0x01, 0x70, 0x01, 0x73, 0x01, 0x72, 0x01, 0x75, 0x01, 0xc0, 0x05, 
    0x50, 0x01, 0x51, 0x01, 0x52, 0x01, 0x53, 0x01, 0x58, 0x01, 0x59, 0x01, 
    0x5a, 0x01, 0x5b, 0x01, 0x5c, 0x01, 0x5d, 0x01, 0x5e, 0x01, 0x5f, 0x01, 
    0x54, 0x01, 0x55, 0x01, 0x56, 0x01, 0x57, 0x01, 0x60, 0x01, 0x61, 0x01, 
    0x4a, 0xe1, 0xc0, 0xff, 0x62, 0x01, 0x63, 0x01, 0x0a, 0xe1, 0x68, 0x0c, 
    0x00, 0xe8, 0x0e, 0x00, 0x10, 0x95, 0x4d, 0xe1, 0x80, 0xff, 0x09, 0x60, 
    0x00, 0x48, 0x0d, 0xe1, 0xb4, 0x39, 0x64, 0x14, 0x47, 0x30, 0x41, 0xe1, 
    0x80, 0xff, 0x01, 0xe1, 0xbc, 0x39, 0xa2, 0x60, 0x40, 0x67, 0x00, 0xe3, 
    0x79, 0x10, 0x00, 0x60, 0x4a, 0xe1, 0xc0, 0xff, 0x28, 0x93, 0x0a, 0xe1, 
    0x0c, 0x01, 0x10, 0x91, 0xe5, 0xb9, 0xd6, 0xb9, 0xc8, 0xb9, 0xb3, 0xb9, 
    0xa2, 0xb9, 0xe0, 0x4c, 0x10, 0x93, 0x4a, 0xe1, 0xc0, 0xff, 0x0a, 0xe1, 
    0x4c, 0x01, 0x10, 0x91, 0x90, 0x4c, 0x10, 0x93, 0x4a, 0xe1, 0xc0, 0xff, 
    0x20, 0xe1, 0xc5, 0x07, 0x0a, 0xe1, 0x00, 0x34, 0x10, 0x97, 0x24, 0x00, 
    0x4a, 0xe1, 0x80, 0xff, 0x0a, 0xe1, 0xa0, 0x39, 0x10, 0x91, 0x79, 0x60, 
    0x08, 0x64, 0xf9, 0x4a, 0xc8, 0x55, 0x87, 0x0c, 0x05, 0x14, 0xff, 0x67, 
    0x80, 0x63, 0xc7, 0x57, 0x0f, 0x64, 0x4a, 0xe1, 0x80, 0xff, 0x0a, 0xe1, 
    0xa4, 0x39, 0x10, 0x91, 0x07, 0x08, 0x22, 0x18, 0x4d, 0xe1, 0x80, 0xff, 
    0x0d, 0xe1, 0xa0, 0x39, 0xc1, 0x60, 0x28, 0x91, 0xc8, 0x40, 0x20, 0x32, 
    0x49, 0xe1, 0x80, 0xff, 0x09, 0xe1, 0x9c, 0x3b, 0x10, 0x60, 0x78, 0xbb, 
    0xa1, 0x5a, 0x10, 0x93, 0x29, 0x91, 0x30, 0x60, 0xc1, 0x40, 0x09, 0x64, 
    0x01, 0x32, 0x52, 0xbb, 0x4f, 0x30, 0x95, 0xbb, 0x86, 0xbb, 0x41, 0x5e, 
    0x63, 0xbb, 0x41, 0x30, 0xa1, 0x66, 0xa2, 0x60, 0x00, 0xe3, 0x26, 0x10, 
    0x2f, 0x93, 0x4a, 0xe1, 0xc0, 0xff, 0x10, 0x60, 0x0a, 0xe1, 0x68, 0x0c, 
    0xea, 0x20, 0x28, 0x91, 0x08, 0x0c, 0x04, 0x18, 0x10, 0x0c, 0xd2, 0x14, 
    0x70, 0x20, 0x10, 0x60, 0x28, 0x93, 0x02, 0x68, 0x49, 0xe1, 0x80, 0xff, 
    0x10, 0x95, 0x09, 0xe1, 0xb8, 0x39, 0x08, 0x97, 0x62, 0x68, 0x10, 0x91, 
    0x48, 0xb0, 0x82, 0x68, 0x10, 0x91, 0x88, 0xb0, 0xa2, 0x68, 0x10, 0x91, 
    0xc8, 0xb0, 0xc2, 0x68, 0x10, 0x91, 0x08, 0xb1, 0xe2, 0x68, 0x10, 0x91, 
    0x48, 0xb1, 0x08, 0x95, 0xc0, 0x42, 0x00, 0x0c, 0x44, 0x14, 0x4a, 0xe1, 
    0xc0, 0xff, 0x29, 0x93, 0x20, 0xe1, 0x45, 0x07, 0x0a, 0xe1, 0x00, 0x34, 
    0x10, 0x97, 0x24, 0x00, 0x49, 0x30, 0x47, 0x30, 0x21, 0x64, 0xa0, 0x66, 
    0xa2, 0x60, 0x00, 0xe3, 0xed, 0x0f, 0x4a, 0xe1, 0x80, 0xff, 0x0a, 0xe1, 
    0xa0, 0x39, 0x10, 0x91, 0x79, 0x60, 0x08, 0x64, 0xf9, 0x4a, 0xc8, 0x55, 
    0x87, 0x0c, 0x05, 0x14, 0xff, 0x67, 0x80, 0x63, 0xc7, 0x57, 0x0f, 0x64, 
    0x4a, 0xe1, 0x80, 0xff, 0x0a, 0xe1, 0xa4, 0x39, 0x10, 0x91, 0x07, 0x08, 
    0x8f, 0x18, 0x4d, 0xe1, 0x80, 0xff, 0x0d, 0xe1, 0xa0, 0x39, 0xc1, 0x60, 
    0x28, 0x91, 0xc8, 0x40, 0x20, 0x32, 0x49, 0xe1, 0x80, 0xff, 0x09, 0xe1, 
    0x9c, 0x3b, 0x08, 0x60, 0x31, 0x60, 0xa1, 0x5a, 0x10, 0x93, 0x28, 0x91, 
    0xc8, 0x40, 0x08, 0x64, 0x00, 0x32, 0x4f, 0x30, 0xa1, 0x66, 0xa2, 0x60, 
    0x41, 0x5e, 0x41, 0x30, 0x00, 0xe3, 0xbc, 0x0f, 0x2f, 0x93, 0x72, 0x20, 
    0x08, 0x95, 0xc0, 0x42, 0x08, 0x0e, 0x04, 0x18, 0x20, 0xe1, 0x45, 0x07, 
    0x03, 0x20, 0x20, 0xe1, 0x45, 0x03, 0x4a, 0xe1, 0xc0, 0xff, 0x0a, 0xe1, 
    0x00, 0x34, 0x10, 0x97, 0x24, 0x00, 0x62, 0x20, 0x49, 0xe1, 0x80, 0xff, 
    0x09, 0xe1, 0xb8, 0x39, 0x08, 0x95, 0xc0, 0x42, 0x00, 0x0c, 0x44, 0x14, 
    0x4a, 0xe1, 0xc0, 0xff, 0x20, 0xe1, 0x45, 0x07, 0x0a, 0xe1, 0x00, 0x34, 
    0x10, 0x97, 0x24, 0x00, 0x29, 0x93, 0x49, 0x30, 0x47, 0x30, 0x21, 0x64, 
    0xa0, 0x66, 0xa2, 0x60, 0x00, 0xe3, 0x92, 0x0f, 0x4a, 0xe1, 0x80, 0xff, 
    0x0a, 0xe1, 0xa0, 0x39, 0x10, 0x91, 0x79, 0x60, 0x08, 0x64, 0xf9, 0x4a, 
    0xc8, 0x55, 0x87, 0x0c, 0x05, 0x14, 0xff, 0x67, 0x80, 0x63, 0xc7, 0x57, 
    0x0f, 0x64, 0x4a, 0xe1, 0x80, 0xff, 0x0a, 0xe1, 0xa4, 0x39, 0x10, 0x91, 
    0x07, 0x08, 0x2d, 0x18, 0x4d, 0xe1, 0x80, 0xff, 0x0d, 0xe1, 0xa0, 0x39, 
    0xc1, 0x60, 0x28, 0x91, 0xc8, 0x40, 0x20, 0x32, 0x49, 0xe1, 0x80, 0xff, 
    0x09, 0xe1, 0x9c, 0x3b, 0x08, 0x60, 0x31, 0x60, 0xa1, 0x5a, 0x10, 0x93, 
    0x28, 0x91, 0xc8, 0x40, 0x08, 0x64, 0x00, 0x32, 0x4f, 0x30, 0xa1, 0x66, 
    0xa2, 0x60, 0x41, 0x5e, 0x41, 0x30, 0x00, 0xe3, 0x61, 0x0f, 0x2f, 0x93, 
    0x10, 0x20, 0x08, 0x95, 0xc0, 0x42, 0x08, 0x0e, 0x04, 0x18, 0x20, 0xe1, 
    0x45, 0x07, 0x03, 0x20, 0x20, 0xe1, 0x45, 0x03, 0x4a, 0xe1, 0xc0, 0xff, 
    0x0a, 0xe1, 0x00, 0x34, 0x10, 0x97, 0x24, 0x00, 0x4a, 0xe1, 0x80, 0xff, 
    0x0a, 0xe1, 0xb8, 0x39, 0x10, 0x95, 0xf8, 0x67, 0x10, 0x97, 0x4a, 0xe1, 
    0xc0, 0xff, 0x08, 0x60, 0x0a, 0xe1, 0x68, 0x0c, 0x10, 0x97, 0x24, 0x00, 
    0x4a, 0xe1, 0xc0, 0xff, 0x0a, 0xe1, 0x04, 0x34, 0x11, 0x95, 0x80, 0x60, 
    0x08, 0x54, 0x78, 0xe6, 0xfe, 0xff, 0x78, 0xe5, 0xfe, 0xff, 0x18, 0x4a, 
    0x10, 0x97, 0x24, 0x00, 0x01, 0xe8, 0x00, 0x00, 0x23, 0x01, 0x22, 0x01, 
    0x21, 0x01, 0x20, 0x01, 0x17, 0x01, 0x16, 0x01, 0x15, 0x01, 0x14, 0x01, 
    0x1f, 0x01, 0x1e, 0x01, 0x1d, 0x01, 0x1c, 0x01, 0x1b, 0x01, 0x1a, 0x01, 
    0x19, 0x01, 0x18, 0x01, 0x13, 0x01, 0x12, 0x01, 0x11, 0x01, 0x10, 0x01, 
    0x80, 0x05, 0x35, 0x01, 0x32, 0x01, 0x33, 0x01, 0x30, 0x01, 0x34, 0x01, 
    0x31, 0x01, 0x26, 0x01, 0x11, 0x00, 0x00, 0x00, 0x66, 0x01, 0x71, 0x01, 
    0x74, 0x01, 0x70, 0x01, 0x73, 0x01, 0x72, 0x01, 0x75, 0x01, 0xc0, 0x05, 
    0x50, 0x01, 0x51, 0x01, 0x52, 0x01, 0x53, 0x01, 0x58, 0x01, 0x59, 0x01, 
    0x5a, 0x01, 0x5b, 0x01, 0x5c, 0x01, 0x5d, 0x01, 0x5e, 0x01, 0x5f, 0x01, 
    0x54, 0x01, 0x55, 0x01, 0x56, 0x01, 0x57, 0x01, 0x60, 0x01, 0x61, 0x01, 
    0x48, 0xe1, 0xc0, 0xff, 0x62, 0x01, 0x63, 0x01, 0x08, 0xe1, 0x04, 0x34, 
    0x00, 0xe8, 0x0e, 0x00, 0x00, 0x95, 0x80, 0x42, 0x49, 0xe1, 0x80, 0xff, 
    0x80, 0x0c, 0x09, 0xe1, 0xd0, 0x39, 0x61, 0x18, 0x49, 0x30, 0x47, 0x30, 
    0x21, 0x64, 0xa2, 0x60, 0x40, 0x67, 0x00, 0xe3, 0xe3, 0x0e, 0x4a, 0xe1, 
    0x80, 0xff, 0x00, 0x60, 0x0a, 0xe1, 0xb4, 0x39, 0x10, 0x93, 0x4a, 0xe1, 
    0xc0, 0xff, 0x0a, 0xe1, 0x0c, 0x01, 0x10, 0x91, 0xe5, 0xb9, 0xd6, 0xb9, 
    0xc8, 0xb9, 0xb3, 0xb9, 0xa2, 0xb9, 0xe0, 0x4c, 0x10, 0x93, 0x4a, 0xe1, 
    0xc0, 0xff, 0x0a, 0xe1, 0x4c, 0x01, 0x10, 0x91, 0x90, 0x4c, 0x10, 0x93, 
    0x4a, 0xe1, 0xc0, 0xff, 0x20, 0xe1, 0xc5, 0x07, 0x0a, 0xe1, 0x00, 0x34, 
    0x10, 0x97, 0x24, 0x00, 0x4a, 0xe1, 0x80, 0xff, 0x0a, 0xe1, 0xa0, 0x39, 
    0x10, 0x91, 0x79, 0x60, 0x08, 0x64, 0xf9, 0x4a, 0xc8, 0x55, 0x87, 0x0c, 
    0x05, 0x14, 0xff, 0x67, 0x80, 0x63, 0xc7, 0x57, 0x0f, 0x64, 0x4a, 0xe1, 
    0x80, 0xff, 0x0a, 0xe1, 0xa4, 0x39, 0x10, 0x91, 0x07, 0x08, 0x96, 0x18, 
    0x4d, 0xe1, 0x80, 0xff, 0x0d, 0xe1, 0xa0, 0x39, 0xc1, 0x60, 0x28, 0x91, 
    0xc8, 0x40, 0x20, 0x32, 0x49, 0xe1, 0x80, 0xff, 0x09, 0xe1, 0x9c, 0x3b, 
    0x10, 0x60, 0x78, 0xbb, 0xa1, 0x5a, 0x10, 0x93, 0x29, 0x91, 0x30, 0x60, 
    0xc1, 0x40, 0x09, 0x64, 0x01, 0x32, 0x52, 0xbb, 0x4f, 0x30, 0x95, 0xbb, 
    0x86, 0xbb, 0x41, 0x5e, 0x63, 0xbb, 0x41, 0x30, 0xa1, 0x66, 0xa2, 0x60, 
    0x00, 0xe3, 0x8c, 0x0e, 0x2f, 0x93, 0x74, 0x20, 0x08, 0x95, 0xc0, 0x42, 
    0x08, 0x0c, 0x0a, 0x14, 0x4a, 0xe1, 0xc0, 0xff, 0x20, 0xe1, 0x45, 0x03, 
    0x0a, 0xe1, 0x00, 0x34, 0x10, 0x97, 0x24, 0x00, 0x50, 0x20, 0x08, 0x95, 
    0xc0, 0x42, 0x00, 0x0c, 0x4c, 0x14, 0x4a, 0xe1, 0x80, 0xff, 0x08, 0x60, 
    0x0a, 0xe1, 0xb4, 0x39, 0x10, 0x93, 0x4a, 0xe1, 0xc0, 0xff, 0x20, 0xe1, 
    0x45, 0x07, 0x0a, 0xe1, 0x00, 0x34, 0x10, 0x97, 0x24, 0x00, 0x00, 0x95, 
    0x20, 0x4c, 0x00, 0x97, 0x24, 0x00, 0x49, 0x30, 0x47, 0x30, 0x21, 0x64, 
    0xa0, 0x66, 0xa2, 0x60, 0x00, 0xe3, 0x60, 0x0e, 0x4a, 0xe1, 0x80, 0xff, 
    0x0a, 0xe1, 0xa0, 0x39, 0x10, 0x91, 0x79, 0x60, 0x08, 0x64, 0xf9, 0x4a, 
    0xc8, 0x55, 0x87, 0x0c, 0x05, 0x14, 0xff, 0x67, 0x80, 0x63, 0xc7, 0x57, 
    0x0f, 0x64, 0x4a, 0xe1, 0x80, 0xff, 0x0a, 0xe1, 0xa4, 0x39, 0x10, 0x91, 
    0x07, 0x08, 0x1d, 0x18, 0x4d, 0xe1, 0x80, 0xff, 0x0d, 0xe1, 0xa0, 0x39, 
    0xc1, 0x60, 0x28, 0x91, 0xc8, 0x40, 0x20, 0x32, 0x49, 0xe1, 0x80, 0xff, 
    0x09, 0xe1, 0x9c, 0x3b, 0x00, 0x60, 0x31, 0x60, 0xa1, 0x5a, 0x10, 0x93, 
    0x28, 0x91, 0xc8, 0x40, 0x08, 0x64, 0x00, 0x32, 0x4f, 0x30, 0xa1, 0x66, 
    0xa2, 0x60, 0x41, 0x5e, 0x41, 0x30, 0x00, 0xe3, 0x2f, 0x0e, 0x2f, 0x93, 
    0x4a, 0xe1, 0x80, 0xff, 0x0a, 0xe1, 0xd0, 0x39, 0x10, 0x95, 0xf8, 0x67, 
    0x10, 0x97, 0x4a, 0xe1, 0xc0, 0xff, 0x0a, 0xe1, 0x04, 0x34, 0x11, 0x95, 
    0x80, 0x60, 0x08, 0x54, 0x78, 0xe6, 0xfe, 0xff, 0x79, 0xe5, 0xfe, 0xff, 
    0x20, 0xe1, 0x08, 0x80, 0x08, 0x56, 0x10, 0x97, 0x24, 0x00, 0x01, 0xe8, 
    0x00, 0x00, 0x23, 0x01, 0x22, 0x01, 0x21, 0x01, 0x20, 0x01, 0x17, 0x01, 
    0x16, 0x01, 0x15, 0x01, 0x14, 0x01, 0x1f, 0x01, 0x1e, 0x01, 0x1d, 0x01, 
    0x1c, 0x01, 0x1b, 0x01, 0x1a, 0x01, 0x19, 0x01, 0x18, 0x01, 0x13, 0x01, 
    0x12, 0x01, 0x11, 0x01, 0x10, 0x01, 0x80, 0x05, 0x35, 0x01, 0x32, 0x01, 
    0x33, 0x01, 0x30, 0x01, 0x34, 0x01, 0x31, 0x01, 0x26, 0x01, 0x11, 0x00, 
    0x66, 0x01, 0x40, 0x01, 0x4a, 0x01, 0x4a, 0xe1, 0xc0, 0xff, 0x00, 0xe8, 
    0x00, 0x00, 0x0a, 0xe1, 0x04, 0x34, 0x10, 0x95, 0x30, 0x4a, 0x10, 0x97, 
    0x24, 0x00, 0x4a, 0xe1, 0x80, 0xff, 0x0a, 0xe1, 0xb4, 0x39, 0x10, 0x91, 
    0x00, 0x0c, 0x1d, 0x14, 0x08, 0x60, 0x10, 0x93, 0x4a, 0xe1, 0xc0, 0xff, 
    0x0a, 0xe1, 0x0c, 0x01, 0x10, 0x91, 0xe0, 0x4a, 0x10, 0x93, 0x4a, 0xe1, 
    0xc0, 0xff, 0x0a, 0xe1, 0x4c, 0x01, 0x10, 0x91, 0x90, 0x4a, 0x10, 0x93, 
    0x4a, 0xe1, 0xc0, 0xff, 0x0a, 0xe1, 0x00, 0x34, 0x10, 0x95, 0x18, 0x4a, 
    0x10, 0x97, 0x24, 0x00, 0x10, 0x95, 0x38, 0x4c, 0x10, 0x97, 0x24, 0x00, 
    0x01, 0xe8, 0x00, 0x00, 0x72, 0x90, 0x30, 0x90, 0x26, 0x01, 0x11, 0x00, 
    0x00, 0xe8, 0x00, 0x00, 0x00, 0x0c, 0x04, 0x1c, 0x08, 0x0c, 0x0d, 0x14, 
    0x07, 0x20, 0x4a, 0xe1, 0x80, 0xff, 0x0a, 0xe1, 0xe8, 0x39, 0xd1, 0xb0, 
    0x06, 0x20, 0x4a, 0xe1, 0x80, 0xff, 0x0a, 0xe1, 0xe8, 0x39, 0x11, 0xb1, 
    0x01, 0xe8, 0x00, 0x00, 0x10, 0x00, 0x00, 0x00, 0x00, 0xe8, 0x00, 0x00, 
    0x00, 0x0c, 0x12, 0x18, 0x02, 0x0c, 0x10, 0x1c, 0x4a, 0xe1, 0x80, 0xff, 
    0x0a, 0xe1, 0xe8, 0x39, 0x10, 0x93, 0x51, 0xb0, 0x92, 0xb0, 0x4a, 0xe1, 
    0xc0, 0xff, 0x0a, 0xe1, 0x0c, 0x01, 0x10, 0x91, 0xa8, 0x4a, 0x10, 0x93, 
    0x24, 0x00, 0x01, 0xe8, 0x00, 0x00, 0x10, 0x00, 0x4a, 0xe1, 0xc0, 0xff, 
    0x00, 0xe8, 0x00, 0x00, 0x08, 0x60, 0x0a, 0xe1, 0x08, 0x15, 0x10, 0x97, 
    0x4a, 0xe1, 0xc0, 0xff, 0x01, 0x60, 0x0a, 0xe1, 0x14, 0x05, 0x11, 0x97, 
    0x20, 0xe1, 0x00, 0xff, 0x82, 0x6f, 0x10, 0x97, 0x20, 0x61, 0xe2, 0x6f, 
    0x10, 0x97, 0x62, 0x6c, 0x11, 0x97, 0x4a, 0xe1, 0xc0, 0xff, 0x0a, 0xe1, 
    0x18, 0x01, 0x10, 0x91, 0xb0, 0x4a, 0x10, 0x93, 0x40, 0xe1, 0xa0, 0xff, 
    0x4a, 0xe1, 0xe0, 0xff, 0x00, 0xe1, 0xe4, 0x11, 0x0a, 0xe1, 0x2c, 0x20, 
    0x10, 0x93, 0x00, 0x60, 0x30, 0x00, 0x58, 0x4a, 0x40, 0x00, 0x23, 0x00, 
    0x24, 0x00, 0x4a, 0xe1, 0xc0, 0xff, 0x0a, 0xe1, 0x00, 0x05, 0x10, 0x95, 
    0x70, 0x4a, 0x10, 0x97, 0x24, 0x00, 0x82, 0x6c, 0x10, 0x95, 0xc2, 0x6f, 
    0x10, 0x95, 0x20, 0x4a, 0x10, 0x97, 0x4a, 0xe1, 0xc0, 0xff, 0x08, 0x60, 
    0x0a, 0xe1, 0x04, 0x15, 0x10, 0x97, 0x01, 0xe8, 0x00, 0x00, 0x10, 0x00, 
    0x66, 0x01, 0x71, 0x01, 0x74, 0x01, 0x70, 0x01, 0x73, 0x01, 0x72, 0x01, 
    0x75, 0x01, 0xc0, 0x05, 0x50, 0x01, 0x51, 0x01, 0x52, 0x01, 0x53, 0x01, 
    0x58, 0x01, 0x59, 0x01, 0x5a, 0x01, 0x5b, 0x01, 0x5c, 0x01, 0x5d, 0x01, 
    0x5e, 0x01, 0x5f, 0x01, 0x54, 0x01, 0x55, 0x01, 0x56, 0x01, 0x57, 0x01, 
    0x60, 0x01, 0x61, 0x01, 0x4a, 0xe1, 0xc0, 0xff, 0x62, 0x01, 0x63, 0x01, 
    0x08, 0x60, 0x00, 0xe8, 0x03, 0x00, 0x0a, 0xe1, 0x08, 0x15, 0x10, 0x97, 
    0x4a, 0xe1, 0xc0, 0xff, 0x0a, 0xe1, 0x10, 0x05, 0x48, 0xe1, 0x80, 0xff, 
    0x08, 0xe1, 0xe8, 0x39, 0x10, 0x95, 0x42, 0xac, 0x49, 0xe1, 0xc0, 0xff, 
    0x09, 0xe1, 0x0c, 0x05, 0x10, 0x9a, 0x42, 0xbc, 0x42, 0x91, 0x10, 0x98, 
    0x08, 0x97, 0x80, 0xa0, 0xf8, 0x67, 0x42, 0x93, 0x80, 0xb0, 0x00, 0x0c, 
    0x0d, 0x14, 0x4a, 0xe1, 0xc0, 0xff, 0x0a, 0xe1, 0x0c, 0x01, 0x10, 0x91, 
    0xa8, 0x4c, 0x10, 0x93, 0x24, 0x00, 0xc2, 0xac, 0x42, 0x0c, 0x02, 0x18, 
    0x62, 0x00, 0x24, 0x00, 0x4a, 0xe1, 0xc0, 0xff, 0x08, 0x60, 0x0a, 0xe1, 
    0x04, 0x15, 0x10, 0x97, 0x01, 0xe8, 0x00, 0x00, 0x23, 0x01, 0x22, 0x01, 
    0x21, 0x01, 0x20, 0x01, 0x17, 0x01, 0x16, 0x01, 0x15, 0x01, 0x14, 0x01, 
    0x1f, 0x01, 0x1e, 0x01, 0x1d, 0x01, 0x1c, 0x01, 0x1b, 0x01, 0x1a, 0x01, 
    0x19, 0x01, 0x18, 0x01, 0x13, 0x01, 0x12, 0x01, 0x11, 0x01, 0x10, 0x01, 
    0x80, 0x05, 0x35, 0x01, 0x32, 0x01, 0x33, 0x01, 0x30, 0x01, 0x34, 0x01, 
    0x31, 0x01, 0x26, 0x01, 0x11, 0x00, 0x00, 0x00, 0x00, 0xe8, 0x00, 0x00, 
    0x40, 0xe1, 0x80, 0xff, 0x00, 0xe1, 0x10, 0x3a, 0x01, 0xe8, 0x00, 0x00, 
    0x10, 0x00, 0x00, 0x00, 0x00, 0xe8, 0x00, 0x00, 0x40, 0xe1, 0x80, 0xff, 
    0x00, 0xe1, 0x18, 0x3a, 0x01, 0xe8, 0x00, 0x00, 0x10, 0x00, 0x00, 0x00, 
    0x4a, 0xe1, 0x80, 0xff, 0x00, 0xe8, 0x00, 0x00, 0x0a, 0xe1, 0xfc, 0x39, 
    0x50, 0x99, 0x01, 0xe8, 0x00, 0x00, 0x10, 0x00, 0x4a, 0xe1, 0x80, 0xff, 
    0x00, 0xe8, 0x00, 0x00, 0x00, 0x60, 0x0a, 0xe1, 0xfc, 0x39, 0x10, 0x9b, 
    0x01, 0xe8, 0x00, 0x00, 0x10, 0x00, 0x00, 0x00, 0x4a, 0xe1, 0x80, 0xff, 
    0x0a, 0xe1, 0x30, 0x3a, 0x00, 0xe8, 0x00, 0x00, 0x10, 0x91, 0x51, 0xa0, 
    0x01, 0xe8, 0x00, 0x00, 0x10, 0x00, 0x00, 0x00, 0x4a, 0xe1, 0xc0, 0xff, 
    0x00, 0xe8, 0x00, 0x00, 0x20, 0xe1, 0x04, 0x44, 0x0a, 0xe1, 0x20, 0x08, 
    0x10, 0x97, 0x21, 0xe1, 0x1f, 0x02, 0x22, 0x6c, 0x11, 0x97, 0x20, 0xe1, 
    0x00, 0x44, 0xe2, 0x6e, 0x10, 0x97, 0x22, 0x6c, 0x11, 0x97, 0x24, 0x00, 
    0x4a, 0xe1, 0xc0, 0xff, 0x20, 0xe1, 0x00, 0x30, 0x0a, 0xe1, 0xec, 0x0c, 
    0x10, 0x97, 0x20, 0xe1, 0x8a, 0x10, 0xe2, 0x6e, 0x10, 0x97, 0x40, 0xe1, 
    0x80, 0xff, 0x00, 0xe1, 0x08, 0x3a, 0xe2, 0x6f, 0x10, 0x93, 0x12, 0x60, 
    0x62, 0x6c, 0x12, 0x97, 0x21, 0x60, 0x22, 0x6c, 0x11, 0x97, 0x24, 0x00, 
    0x4a, 0xe1, 0xc0, 0xff, 0x20, 0xe1, 0x00, 0x40, 0x0a, 0xe1, 0x2c, 0x0d, 
    0x10, 0x97, 0x20, 0xe1, 0x08, 0x10, 0xe2, 0x6e, 0x10, 0x97, 0x40, 0xe1, 
    0x80, 0xff, 0x00, 0xe1, 0x00, 0x3a, 0xe2, 0x6f, 0x10, 0x93, 0x62, 0x6c, 
    0x12, 0x97, 0x22, 0x6c, 0x11, 0x97, 0x24, 0x00, 0x4a, 0xe1, 0xc0, 0xff, 
    0x0a, 0xe1, 0x18, 0x01, 0x10, 0x91, 0x08, 0x4a, 0x10, 0x93, 0x24, 0x00, 
    0x40, 0xe1, 0xa0, 0xff, 0x4a, 0xe1, 0xe0, 0xff, 0x00, 0xe1, 0x34, 0x14, 
    0x0a, 0xe1, 0x24, 0x20, 0x10, 0x93, 0x24, 0x00, 0x4a, 0xe1, 0xc0, 0xff, 
    0x0a, 0xe1, 0x0c, 0x01, 0x10, 0x91, 0x80, 0x4a, 0x10, 0x93, 0x24, 0x00, 
    0x00, 0x60, 0x30, 0x00, 0x48, 0x4a, 0x40, 0x00, 0x23, 0x00, 0x24, 0x00, 
    0x4a, 0xe1, 0xc0, 0xff, 0x0a, 0xe1, 0xc8, 0x0c, 0x10, 0x95, 0x00, 0x4a, 
    0x10, 0x97, 0x24, 0x00, 0x4a, 0xe1, 0xc0, 0xff, 0x0a, 0xe1, 0x08, 0x0d, 
    0x10, 0x95, 0x00, 0x4a, 0x10, 0x97, 0x24, 0x00, 0x4a, 0xe1, 0xc0, 0xff, 
    0x0a, 0xe1, 0x20, 0x08, 0x10, 0x95, 0x00, 0x4a, 0x10, 0x97, 0x24, 0x00, 
    0x02, 0x6f, 0x10, 0x95, 0x00, 0x4a, 0x10, 0x97, 0x24, 0x00, 0x01, 0xe8, 
    0x00, 0x00, 0x10, 0x00, 0x66, 0x01, 0x78, 0x05, 0x40, 0x01, 0x41, 0x01, 
    0x42, 0x01, 0x43, 0x01, 0x48, 0x01, 0x49, 0x01, 0x4a, 0x01, 0x4a, 0xe1, 
    0xc0, 0xff, 0x00, 0xe8, 0x00, 0x00, 0x08, 0x60, 0x0a, 0xe1, 0xe8, 0x0c, 
    0x10, 0x97, 0x24, 0x00, 0x86, 0x31, 0x8f, 0x31, 0x48, 0xe1, 0x80, 0xff, 
    0x08, 0xe1, 0x20, 0x3a, 0x03, 0x91, 0x4a, 0xe1, 0x80, 0xff, 0xd8, 0x52, 
    0x0c, 0x03, 0x0a, 0xe1, 0x28, 0x3a, 0x10, 0x93, 0x51, 0xb0, 0x42, 0xa0, 
    0x18, 0x02, 0x07, 0x02, 0x91, 0x52, 0x4a, 0xe1, 0x80, 0xff, 0x0a, 0xe1, 
    0x30, 0x3a, 0xba, 0x52, 0x13, 0x93, 0x52, 0xb0, 0x4a, 0xe1, 0x80, 0xff, 
    0x0a, 0xe1, 0x08, 0x3a, 0x49, 0xe1, 0x80, 0xff, 0x10, 0x91, 0x09, 0xe1, 
    0x10, 0x3a, 0x08, 0x93, 0x50, 0xa0, 0x48, 0xb0, 0x4a, 0xe1, 0x80, 0xff, 
    0x0a, 0xe1, 0x18, 0x3a, 0x49, 0xe1, 0x80, 0xff, 0x10, 0x91, 0x09, 0xe1, 
    0x00, 0x3a, 0x08, 0x93, 0x50, 0xa0, 0x48, 0xb0, 0x4a, 0xe1, 0x80, 0xff, 
    0x08, 0x60, 0x0a, 0xe1, 0xfc, 0x39, 0x10, 0x9b, 0x86, 0x31, 0x8f, 0x31, 
    0x01, 0xe8, 0x00, 0x00, 0x72, 0x90, 0x00, 0x93, 0x41, 0xb0, 0x71, 0x90, 
    0x70, 0x90, 0x33, 0x90, 0x32, 0x90, 0x31, 0x90, 0x30, 0x90, 0x38, 0x05, 
    0x26, 0x01, 0x11, 0x00, 0x70, 0x05, 0x00, 0xe8, 0x05, 0x00, 0xb8, 0xe6, 
    0x10, 0x00, 0xb8, 0xe5, 0x1c, 0x00, 0xb8, 0xe6, 0xf8, 0xff, 0x80, 0x63, 
    0xb8, 0xe6, 0xff, 0xff, 0x47, 0x30, 0x32, 0x30, 0xb9, 0xe6, 0x14, 0x00, 
    0xf8, 0x67, 0xff, 0xe3, 0x09, 0xf9, 0x47, 0x30, 0x80, 0x64, 0xff, 0xe3, 
    0x05, 0xf9, 0x47, 0x30, 0xa0, 0x64, 0xff, 0xe3, 0x01, 0xf9, 0x47, 0x30, 
    0xc0, 0x67, 0xff, 0xe3, 0xfd, 0xf8, 0x0b, 0x20, 0x01, 0x30, 0xf8, 0x67, 
    0x3e, 0x30, 0xb8, 0xe6, 0xf8, 0xff, 0x06, 0x30, 0x0f, 0x64, 0xff, 0xe3, 
    0xf3, 0xf8, 0x37, 0x30, 0xb9, 0xe5, 0xf8, 0xff, 0x48, 0x43, 0x00, 0x0c, 
    0xf2, 0x17, 0x01, 0xe8, 0x00, 0x00, 0x30, 0x05, 0x10, 0x00, 0x00, 0x00, 
    0xe4, 0x05, 0x38, 0x30, 0x00, 0xe8, 0x04, 0x00, 0x31, 0x30, 0x22, 0x30, 
    0x02, 0x30, 0x00, 0xe3, 0x3f, 0x0c, 0x10, 0x30, 0x5a, 0x64, 0x0a, 0x32, 
    0x66, 0x32, 0x28, 0x30, 0x0c, 0x30, 0xaa, 0x67, 0xca, 0x44, 0x52, 0x44, 
    0x16, 0x44, 0x6e, 0x32, 0x85, 0x6c, 0x2f, 0x9b, 0xae, 0xe6, 0x02, 0x00, 
    0xff, 0x42, 0xf6, 0x42, 0x47, 0x4e, 0x46, 0x4e, 0x45, 0x30, 0xaf, 0xe6, 
    0x01, 0x00, 0xae, 0xe6, 0x03, 0x00, 0x20, 0x64, 0x00, 0xe3, 0x76, 0x0b, 
    0x2d, 0x64, 0x0d, 0x32, 0x00, 0x60, 0x6d, 0x43, 0x55, 0x30, 0x21, 0x60, 
    0x8d, 0x5a, 0x90, 0xe6, 0xff, 0xff, 0xf5, 0xb0, 0x00, 0x60, 0xff, 0xe3, 
    0x9d, 0xff, 0x00, 0x60, 0x74, 0x32, 0x01, 0xe8, 0x00, 0x00, 0xa4, 0x05, 
    0x10, 0x00, 0x00, 0x00, 0x68, 0x05, 0x40, 0x43, 0x00, 0xe8, 0x0c, 0x00, 
    0x12, 0x32, 0x00, 0x0c, 0x04, 0x1c, 0x08, 0x0c, 0xab, 0x14, 0x5c, 0x20, 
    0x48, 0x43, 0x08, 0x0c, 0x2a, 0x18, 0x00, 0x0c, 0x04, 0x1c, 0x18, 0x0c, 
    0xa3, 0x14, 0x3c, 0x20, 0x00, 0x00, 0x97, 0xe4, 0x01, 0x00, 0x10, 0x99, 
    0x47, 0x4f, 0xc7, 0x57, 0x96, 0xe4, 0x03, 0x00, 0x90, 0xe4, 0x02, 0x00, 
    0x46, 0x4f, 0x86, 0x57, 0xf5, 0x42, 0x05, 0x30, 0x00, 0xe3, 0xac, 0x09, 
    0xb8, 0xe6, 0xfc, 0xff, 0x40, 0x4e, 0xbf, 0xe6, 0xf8, 0xff, 0xb8, 0xe6, 
    0xfd, 0xff, 0x30, 0x60, 0xff, 0x42, 0x47, 0x4e, 0x45, 0x4e, 0xf0, 0xb0, 
    0xbf, 0xe6, 0xf9, 0xff, 0xbe, 0xe6, 0xfa, 0xff, 0xbd, 0xe6, 0xfb, 0xff, 
    0x00, 0x60, 0x56, 0x20, 0x91, 0xe4, 0x03, 0x00, 0x41, 0x4f, 0x90, 0xe4, 
    0x02, 0x00, 0x08, 0x56, 0x91, 0xe4, 0x07, 0x00, 0x92, 0xe4, 0x06, 0x00, 
    0x82, 0x4f, 0xc1, 0x4f, 0x51, 0x56, 0x92, 0xe4, 0x04, 0x00, 0x51, 0x56, 
    0x92, 0xe4, 0x05, 0x00, 0x42, 0x4f, 0x51, 0x56, 0x00, 0xe3, 0x94, 0x09, 
    0x67, 0x20, 0x97, 0xe4, 0x01, 0x00, 0x10, 0x99, 0x47, 0x4f, 0xc7, 0x57, 
    0x90, 0xe4, 0x03, 0x00, 0x96, 0xe4, 0x02, 0x00, 0x40, 0x4f, 0x6f, 0x30, 
    0x86, 0x57, 0x05, 0x67, 0x06, 0x30, 0x0d, 0x30, 0x00, 0xe3, 0x76, 0x09, 
    0xff, 0x42, 0x07, 0x30, 0x0e, 0x30, 0x15, 0x30, 0xff, 0xe3, 0x66, 0xff, 
    0x4f, 0x20, 0x48, 0x43, 0x00, 0x0c, 0x04, 0x1c, 0x18, 0x0c, 0x4a, 0x14, 
    0x25, 0x20, 0x00, 0x60, 0xff, 0xe3, 0x24, 0xf9, 0x38, 0x30, 0x08, 0x60, 
    0xff, 0xe3, 0x20, 0xf9, 0x30, 0x30, 0x10, 0x60, 0xff, 0xe3, 0x1c, 0xf9, 
    0xb8, 0xe6, 0xfc, 0xff, 0xc0, 0x42, 0x40, 0x4e, 0xbf, 0xe6, 0xf8, 0xff, 
    0xbe, 0xe6, 0xfa, 0xff, 0xb8, 0xe6, 0xfd, 0xff, 0x30, 0x60, 0xff, 0x42, 
    0xf6, 0x42, 0x47, 0x4e, 0x46, 0x4e, 0xf0, 0xb0, 0xbf, 0xe6, 0xf9, 0xff, 
    0xbe, 0xe6, 0xfb, 0xff, 0x08, 0x60, 0x57, 0x30, 0x11, 0x60, 0xc2, 0x67, 
    0x23, 0x20, 0xff, 0xe3, 0x95, 0xf8, 0x82, 0xc6, 0xc0, 0x85, 0xba, 0xe6, 
    0xf1, 0xff, 0x82, 0xc6, 0x80, 0x85, 0xb8, 0xe6, 0xf0, 0xff, 0xc0, 0x4e, 
    0xb8, 0xe6, 0xf3, 0xff, 0x82, 0xc6, 0xc1, 0x81, 0xb8, 0xe6, 0xf5, 0xff, 
    0x82, 0xc6, 0x81, 0x81, 0xb9, 0xe6, 0xf4, 0xff, 0xb8, 0xe6, 0xf6, 0xff, 
    0xc1, 0x4e, 0x40, 0x60, 0xba, 0xe6, 0xf2, 0xff, 0xb9, 0xe6, 0xf7, 0xff, 
    0xf0, 0xb0, 0x57, 0x30, 0x08, 0x60, 0x21, 0x60, 0x82, 0x67, 0xff, 0xe3, 
    0xe3, 0xfe, 0x01, 0xe8, 0x00, 0x00, 0x28, 0x05, 0x10, 0x00, 0x00, 0x00, 
    0xfd, 0x05, 0x4d, 0xe1, 0x80, 0xff, 0x00, 0xe8, 0x04, 0x00, 0x0d, 0xe1, 
    0x3c, 0x3a, 0x28, 0x91, 0x08, 0x0c, 0x0c, 0x18, 0x00, 0x0c, 0x04, 0x1c, 
    0x10, 0x0c, 0x9c, 0x14, 0x95, 0x20, 0xff, 0xe3, 0xf3, 0xf7, 0xff, 0xe3, 
    0xa3, 0xf7, 0x08, 0x60, 0x9b, 0x20, 0x4d, 0xe1, 0x80, 0xff, 0x0d, 0xe1, 
    0x38, 0x3a, 0x45, 0x30, 0xff, 0xe3, 0xd0, 0xf7, 0x00, 0x0c, 0x93, 0x10, 
    0x4a, 0xe1, 0x80, 0xff, 0x0a, 0xe1, 0x44, 0x3b, 0x51, 0x91, 0x69, 0x99, 
    0x61, 0x0e, 0x8b, 0x14, 0x4a, 0xe1, 0x80, 0xff, 0x0a, 0xe1, 0x28, 0x00, 
    0x8a, 0x5e, 0x52, 0x91, 0x52, 0x00, 0x48, 0x43, 0x21, 0xe1, 0xf0, 0x00, 
    0x08, 0x08, 0x7f, 0x14, 0x08, 0x60, 0x6a, 0x20, 0x4a, 0xe1, 0x80, 0xff, 
    0x0a, 0xe1, 0x42, 0x3b, 0x11, 0x9b, 0x10, 0x60, 0x63, 0x20, 0x4a, 0xe1, 
    0x80, 0xff, 0x0a, 0xe1, 0x41, 0x3b, 0x11, 0x9b, 0x18, 0x60, 0x5c, 0x20, 
    0x4a, 0xe1, 0x80, 0xff, 0x0a, 0xe1, 0x40, 0x3b, 0x48, 0x43, 0x4d, 0xe1, 
    0x80, 0xff, 0x11, 0x9b, 0x00, 0x0c, 0x0d, 0xe1, 0x44, 0x3b, 0x1a, 0x14, 
    0x4a, 0xe1, 0x80, 0xff, 0x0a, 0xe1, 0x40, 0x3a, 0x10, 0x9b, 0x4a, 0xe1, 
    0x80, 0xff, 0x0a, 0xe1, 0x42, 0x3b, 0x10, 0x99, 0x4a, 0xe1, 0x80, 0xff, 
    0x0a, 0xe1, 0x41, 0x3b, 0x11, 0x99, 0x07, 0x60, 0x42, 0xe1, 0x80, 0xff, 
    0xf7, 0xb0, 0x02, 0xe1, 0x41, 0x3a, 0xff, 0xe3, 0xe5, 0xfe, 0x2f, 0x93, 
    0x4a, 0x20, 0x20, 0x60, 0x47, 0x20, 0x49, 0xe1, 0x80, 0xff, 0x4a, 0xe1, 
    0x80, 0xff, 0x09, 0xe1, 0x40, 0x3a, 0x0a, 0xe1, 0x40, 0x3b, 0x4b, 0x99, 
    0x57, 0x99, 0x5a, 0x43, 0x78, 0x43, 0x82, 0x09, 0x0b, 0x14, 0x02, 0x32, 
    0x4a, 0xe1, 0x80, 0xff, 0x0a, 0xe1, 0x41, 0x3a, 0x03, 0x30, 0x08, 0x64, 
    0x82, 0x5a, 0x11, 0x9b, 0x08, 0x9b, 0x4a, 0xe1, 0x80, 0xff, 0x0a, 0xe1, 
    0x40, 0x3a, 0x10, 0x99, 0x7a, 0x43, 0x90, 0x09, 0x28, 0x1c, 0x00, 0x60, 
    0x10, 0x9b, 0x4a, 0xe1, 0x80, 0xff, 0x0a, 0xe1, 0x42, 0x3b, 0x10, 0x99, 
    0x4a, 0xe1, 0x80, 0xff, 0x0a, 0xe1, 0x41, 0x3b, 0x11, 0x99, 0xf2, 0xb0, 
    0x42, 0xe1, 0x80, 0xff, 0x02, 0xe1, 0x41, 0x3a, 0xff, 0xe3, 0xae, 0xfe, 
    0x00, 0x60, 0x4a, 0xe1, 0x80, 0xff, 0x0a, 0xe1, 0x44, 0x3b, 0x10, 0x93, 
    0x0e, 0x20, 0x01, 0xe8, 0x00, 0x00, 0x18, 0x60, 0xbd, 0x05, 0xff, 0xe2, 
    0x9f, 0xf4, 0x28, 0x60, 0xff, 0xe3, 0x9c, 0xf4, 0x00, 0x0c, 0x03, 0x18, 
    0x10, 0x60, 0x28, 0x93, 0x01, 0xe8, 0x00, 0x00, 0xbd, 0x05, 0x10, 0x00, 
    0x08, 0x32, 0x18, 0x60, 0xc4, 0x04, 0x00, 0xe8, 0x00, 0x00, 0x49, 0x30, 
    0x01, 0x54, 0x00, 0x0c, 0x03, 0x1c, 0x01, 0x68, 0x19, 0x20, 0x00, 0x60, 
    0x61, 0x32, 0x89, 0xbc, 0xc9, 0xbc, 0x08, 0xb1, 0xa4, 0x6c, 0x01, 0x60, 
    0x03, 0x60, 0x22, 0xe1, 0x74, 0x00, 0xc0, 0x68, 0xa2, 0xe0, 0x0c, 0x00, 
    0x82, 0xc6, 0x39, 0x80, 0x23, 0x92, 0x10, 0x50, 0x10, 0x32, 0x51, 0x5b, 
    0x02, 0x69, 0xb2, 0xe0, 0x02, 0x20, 0x69, 0x92, 0x09, 0x64, 0x01, 0xe8, 
    0x00, 0x00, 0x41, 0x30, 0x84, 0x04, 0x10, 0x00, 0xfc, 0x05, 0x38, 0x30, 
    0x20, 0xe1, 0x7f, 0x00, 0x00, 0xe8, 0x03, 0x00, 0x29, 0x32, 0x22, 0x32, 
    0x07, 0x0a, 0x05, 0x14, 0x82, 0xc6, 0xf7, 0x03, 0x00, 0x60, 0x0a, 0x20, 
    0x07, 0x30, 0x00, 0xe3, 0x73, 0x09, 0x80, 0x43, 0xd0, 0x64, 0x0f, 0x30, 
    0x41, 0x40, 0x29, 0x4b, 0xf8, 0x67, 0x28, 0x93, 0x21, 0x93, 0x01, 0xe8, 
    0x00, 0x00, 0xbc, 0x05, 0x10, 0x00, 0x00, 0x00, 0xc4, 0x04, 0x29, 0x32, 
    0x20, 0x32, 0xe1, 0x63, 0x00, 0xe8, 0x05, 0x00, 0x57, 0x30, 0x68, 0xa0, 
    0x08, 0x54, 0x4f, 0x30, 0xe1, 0x67, 0xc2, 0x67, 0xff, 0xe3, 0xd6, 0xff, 
    0xea, 0xac, 0xa9, 0xac, 0xf2, 0xb9, 0xe1, 0xb9, 0x82, 0xc6, 0x2a, 0x80, 
    0x08, 0x50, 0xca, 0xbc, 0x91, 0xbc, 0xe8, 0x64, 0x10, 0x32, 0x14, 0x5e, 
    0x42, 0x91, 0x6a, 0x08, 0x16, 0x14, 0x41, 0x93, 0x61, 0x08, 0x13, 0x14, 
    0x2a, 0x64, 0x0a, 0x32, 0x0b, 0x60, 0x03, 0x30, 0x88, 0x40, 0xc0, 0x43, 
    0x8c, 0x5e, 0x11, 0x91, 0x08, 0x54, 0xda, 0x67, 0x10, 0x93, 0x00, 0x0c, 
    0x06, 0x14, 0x93, 0x40, 0xd9, 0x43, 0x20, 0xa1, 0x08, 0x54, 0x20, 0xb1, 
    0x01, 0xe8, 0x00, 0x00, 0x84, 0x04, 0x10, 0x00, 0xf4, 0x05, 0x21, 0x32, 
    0x10, 0x30, 0xe7, 0x63, 0x31, 0x30, 0x46, 0x64, 0x60, 0xa0, 0x38, 0x54, 
    0xe0, 0x67, 0x06, 0x50, 0x28, 0x32, 0x00, 0xe8, 0x03, 0x00, 0x68, 0xa0, 
    0x00, 0x48, 0x10, 0x1c, 0x02, 0x30, 0x4d, 0x30, 0xff, 0xe3, 0xb8, 0xff, 
    0x60, 0xa0, 0x69, 0xa0, 0x20, 0x64, 0x79, 0x54, 0x08, 0x50, 0x60, 0xb0, 
    0x38, 0x54, 0x06, 0x50, 0x10, 0x32, 0x14, 0xe7, 0xff, 0xff, 0x44, 0x30, 
    0x01, 0xe8, 0x00, 0x00, 0xb4, 0x05, 0x10, 0x00, 0xfc, 0x05, 0x21, 0x32, 
    0x28, 0x32, 0xe1, 0x63, 0x00, 0xe8, 0x05, 0x00, 0x57, 0x30, 0x60, 0xa0, 
    0x08, 0x54, 0x4f, 0x30, 0xe1, 0x67, 0xc2, 0x67, 0xff, 0xe3, 0x7c, 0xff, 
    0xf3, 0xb9, 0xe7, 0xb9, 0x82, 0xc6, 0x2b, 0x80, 0x38, 0x50, 0xe8, 0x64, 
    0x10, 0x32, 0x09, 0x60, 0x11, 0x30, 0x9a, 0x40, 0x2b, 0x64, 0x55, 0x5e, 
    0x4a, 0x91, 0xe5, 0xbc, 0x28, 0xa1, 0x10, 0x56, 0xd4, 0xbc, 0xa2, 0xbc, 
    0x13, 0x32, 0x28, 0xb1, 0xb9, 0x40, 0x4c, 0x93, 0x55, 0x5f, 0x28, 0x91, 
    0x41, 0x56, 0x29, 0x93, 0x01, 0xe8, 0x00, 0x00, 0xbc, 0x05, 0x10, 0x00, 
    0x09, 0x32, 0xf4, 0x05, 0x00, 0xe8, 0x03, 0x00, 0x38, 0x30, 0x41, 0x0c, 
    0x2e, 0x18, 0x21, 0x32, 0xe6, 0x63, 0xc4, 0x6f, 0x60, 0xa0, 0x30, 0x54, 
    0xe0, 0x67, 0x00, 0x32, 0x81, 0x5a, 0x50, 0xa0, 0x08, 0x4a, 0x50, 0xb0, 
    0x60, 0xa0, 0x00, 0x4a, 0x54, 0x93, 0x60, 0xb0, 0x08, 0x48, 0x12, 0x1c, 
    0x0d, 0xe5, 0xfe, 0xff, 0x07, 0x30, 0x4d, 0x30, 0xff, 0xe3, 0x5e, 0xff, 
    0x60, 0xa0, 0x69, 0xa0, 0x21, 0x64, 0x30, 0x54, 0x41, 0x50, 0x69, 0xb0, 
    0x71, 0x54, 0x09, 0x32, 0x65, 0x32, 0x8d, 0x5a, 0x55, 0xbc, 0x4c, 0x30, 
    0x07, 0x30, 0xff, 0xe3, 0x85, 0xff, 0x08, 0x30, 0x07, 0x30, 0x01, 0xe8, 
    0x00, 0x00, 0xb4, 0x05, 0xff, 0xe2, 0xa2, 0xff, 0x01, 0xe8, 0x00, 0x00, 
    0xb4, 0x05, 0x10, 0x00, 0x4a, 0xe1, 0x80, 0xff, 0x00, 0xe8, 0x00, 0x00, 
    0x08, 0x30, 0x0a, 0xe1, 0x1c, 0x3d, 0x10, 0x91, 0x01, 0xe8, 0x00, 0x00, 
    0xff, 0xe2, 0xbe, 0xff, 0xfc, 0x05, 0x29, 0x32, 0x00, 0xe8, 0x03, 0x00, 
    0x00, 0x34, 0x1a, 0x30, 0x45, 0x0c, 0x03, 0x14, 0x02, 0x60, 0x40, 0x20, 
    0xe7, 0x63, 0x68, 0xa0, 0x78, 0x54, 0x02, 0x30, 0x80, 0x64, 0x81, 0x09, 
    0x2b, 0x1c, 0xe3, 0x67, 0x13, 0x32, 0x45, 0x32, 0x40, 0x6c, 0x01, 0x30, 
    0x23, 0x64, 0x50, 0x5a, 0x49, 0xa0, 0x1a, 0x60, 0xe0, 0x67, 0x51, 0x54, 
    0x18, 0x52, 0x08, 0x56, 0x48, 0xb0, 0x68, 0xa0, 0x10, 0x54, 0x03, 0x56, 
    0x68, 0xb0, 0x48, 0xa0, 0x38, 0x54, 0x20, 0x32, 0xa1, 0x5a, 0x22, 0x6c, 
    0x50, 0xa0, 0x08, 0x4a, 0x50, 0xb0, 0x49, 0xa0, 0x01, 0x4a, 0x49, 0xb0, 
    0x68, 0xa0, 0x51, 0x93, 0x38, 0x54, 0x10, 0x32, 0x09, 0x4a, 0x49, 0xb0, 
    0x80, 0x30, 0x49, 0x30, 0x10, 0x5a, 0x05, 0xe7, 0xff, 0xff, 0xff, 0xe3, 
    0x57, 0xff, 0xe1, 0x63, 0x68, 0xa0, 0x55, 0x30, 0x08, 0x54, 0x42, 0x64, 
    0xe0, 0x67, 0x02, 0x50, 0x10, 0x32, 0x50, 0xa0, 0x08, 0x4c, 0x50, 0xb0, 
    0x68, 0xa0, 0x00, 0x4c, 0x68, 0xb0, 0x01, 0xe8, 0x00, 0x00, 0x02, 0x30, 
    0xbc, 0x05, 0x10, 0x00, 0x18, 0x30, 0x18, 0x60, 0xf5, 0x05, 0x01, 0x54, 
    0x00, 0xe8, 0x03, 0x00, 0x39, 0x30, 0x00, 0x0c, 0x1c, 0x14, 0xc2, 0x67, 
    0xe6, 0x63, 0x72, 0x54, 0x01, 0x30, 0xa2, 0x63, 0xa0, 0x67, 0x42, 0xe1, 
    0xff, 0x3f, 0x10, 0x0a, 0x12, 0x14, 0x2f, 0x32, 0xa8, 0x90, 0x01, 0x30, 
    0x00, 0x4a, 0x68, 0xb0, 0x03, 0x30, 0x4d, 0x30, 0xff, 0xe3, 0x28, 0xff, 
    0x68, 0xa0, 0x30, 0x54, 0x07, 0x50, 0x10, 0x32, 0x10, 0x60, 0x55, 0x93, 
    0x50, 0xb0, 0x02, 0x20, 0x07, 0x60, 0x07, 0x30, 0x01, 0xe8, 0x00, 0x00, 
    0xb5, 0x05, 0x10, 0x00, 0x68, 0x05, 0x29, 0x30, 0x00, 0xe8, 0x03, 0x00, 
    0x38, 0x30, 0xff, 0xe3, 0x73, 0xfe, 0x22, 0xe1, 0x74, 0x0c, 0x57, 0x50, 
    0x30, 0x30, 0x95, 0x52, 0xff, 0xe3, 0xca, 0xff, 0x06, 0x30, 0x01, 0xe8, 
    0x00, 0x00, 0x28, 0x05, 0x10, 0x00, 0x00, 0x00, 0x40, 0xe1, 0x00, 0x00, 
    0x09, 0x60, 0x00, 0xe8, 0x03, 0x00, 0x00, 0xe1, 0x00, 0x00, 0xc9, 0x4f, 
    0xff, 0xe3, 0xe4, 0xff, 0x4a, 0xe1, 0x80, 0xff, 0x0a, 0xe1, 0x1c, 0x3d, 
    0x10, 0x93, 0x01, 0xe8, 0x00, 0x00, 0x10, 0x00, 0xfc, 0x05, 0x00, 0xe8, 
    0x05, 0x00, 0x20, 0x32, 0x39, 0x30, 0x01, 0x0c, 0x67, 0x1c, 0x20, 0xe1, 
    0x7f, 0x00, 0x01, 0x0a, 0x0a, 0x1c, 0x01, 0x30, 0x00, 0xe3, 0xf0, 0x07, 
    0x80, 0x43, 0xd0, 0x64, 0x09, 0x60, 0x81, 0x40, 0xf9, 0x67, 0xcf, 0x51, 
    0x00, 0x60, 0xe0, 0xbb, 0xf0, 0xbb, 0x4f, 0x30, 0x57, 0x30, 0x07, 0x30, 
    0xe1, 0x67, 0xc2, 0x67, 0xff, 0xe3, 0x5e, 0xfe, 0xf7, 0xb9, 0xb9, 0x60, 
    0x0f, 0x09, 0x4c, 0x14, 0x0f, 0x32, 0xfa, 0x63, 0xe0, 0xb9, 0x0a, 0x30, 
    0x81, 0x40, 0x01, 0x30, 0x8c, 0x5e, 0x51, 0xa1, 0x08, 0x54, 0x00, 0x0c, 
    0x0f, 0x14, 0x0f, 0x64, 0xba, 0x40, 0x20, 0xa1, 0x02, 0x54, 0x00, 0x0c, 
    0x3b, 0x1c, 0x00, 0xe3, 0x9b, 0x07, 0x10, 0x32, 0x38, 0x30, 0xff, 0x67, 
    0xf7, 0xbb, 0x94, 0x5e, 0x10, 0xa1, 0x00, 0xe3, 0x93, 0x07, 0x08, 0x30, 
    0xf9, 0x67, 0x82, 0xc6, 0x2f, 0x80, 0x08, 0x50, 0x28, 0x32, 0xac, 0x5e, 
    0x11, 0xe5, 0x1d, 0x00, 0x41, 0x0c, 0x27, 0x18, 0xf2, 0xb9, 0x82, 0xc6, 
    0x2a, 0x80, 0x08, 0x50, 0xe8, 0x64, 0xca, 0xac, 0x88, 0xac, 0x28, 0x32, 
    0xc2, 0xbc, 0x90, 0xbc, 0xac, 0x5e, 0x55, 0x91, 0x4d, 0x08, 0x19, 0x14, 
    0x50, 0x93, 0x60, 0x08, 0x13, 0x14, 0x2a, 0x64, 0x0a, 0x32, 0x0b, 0x60, 
    0x03, 0x30, 0x88, 0x40, 0xc0, 0x43, 0x8c, 0x5e, 0x11, 0x91, 0x08, 0x54, 
    0xda, 0x67, 0x10, 0x93, 0x00, 0x0c, 0x06, 0x14, 0x93, 0x40, 0xd9, 0x43, 
    0x20, 0xa1, 0x08, 0x54, 0x20, 0xb1, 0x4d, 0x32, 0x02, 0x20, 0x01, 0x68, 
    0x01, 0xe8, 0x00, 0x00, 0x41, 0x30, 0xbc, 0x05, 0x10, 0x00, 0x00, 0x00, 
    0x70, 0x05, 0x00, 0xe8, 0x03, 0x00, 0x30, 0x30, 0x01, 0x0c, 0x0e, 0x18, 
    0xe0, 0x63, 0x19, 0x64, 0x41, 0x54, 0xf8, 0x63, 0x40, 0xe1, 0xff, 0x3f, 
    0x01, 0x0a, 0x06, 0x10, 0x60, 0x60, 0x81, 0x09, 0x39, 0x06, 0x38, 0x07, 
    0x02, 0x20, 0x07, 0x60, 0x0f, 0x30, 0x06, 0x30, 0xff, 0xe3, 0x76, 0xff, 
    0x08, 0x30, 0x06, 0x30, 0x17, 0x30, 0x01, 0xe8, 0x00, 0x00, 0x30, 0x05, 
    0xff, 0xe2, 0xd0, 0xfe, 0x4a, 0xe1, 0x80, 0xff, 0x00, 0xe8, 0x00, 0x00, 
    0x08, 0x30, 0x0a, 0xe1, 0x1c, 0x3d, 0x10, 0x91, 0x01, 0xe8, 0x00, 0x00, 
    0xff, 0xe2, 0xd6, 0xff, 0x66, 0x01, 0x40, 0x01, 0x4a, 0x01, 0x4a, 0xe1, 
    0xc0, 0xff, 0x00, 0xe8, 0x00, 0x00, 0x10, 0x60, 0x0a, 0xe1, 0xe8, 0x0c, 
    0x10, 0x97, 0x4a, 0xe1, 0xc0, 0xff, 0x0a, 0xe1, 0x28, 0x0d, 0x10, 0x97, 
    0x01, 0xe8, 0x00, 0x00, 0x72, 0x90, 0x30, 0x90, 0x26, 0x01, 0x11, 0x00, 
    0x4a, 0xe1, 0xc0, 0xff, 0x00, 0xe8, 0x00, 0x00, 0x0a, 0xe1, 0x10, 0x01, 
    0x10, 0x91, 0x10, 0x93, 0x24, 0x00, 0x40, 0xe1, 0xa0, 0xff, 0x4a, 0xe1, 
    0xe0, 0xff, 0x00, 0xe1, 0x34, 0x1d, 0x0a, 0xe1, 0x1c, 0x20, 0x10, 0x93, 
    0x24, 0x00, 0x4a, 0xe1, 0xc0, 0xff, 0x0a, 0xe1, 0x0c, 0x01, 0x10, 0x91, 
    0x08, 0x4a, 0x10, 0x93, 0x24, 0x00, 0x00, 0x60, 0x30, 0x00, 0x38, 0x4a, 
    0x40, 0x00, 0x23, 0x00, 0x24, 0x00, 0x01, 0xe8, 0x00, 0x00, 0x10, 0x00, 
    0x4a, 0xe1, 0xc0, 0xff, 0x00, 0xe8, 0x00, 0x00, 0x20, 0xe1, 0x08, 0x01, 
    0x0a, 0xe1, 0x00, 0x0a, 0x10, 0x97, 0x24, 0x00, 0x20, 0xe1, 0xd6, 0x07, 
    0xc2, 0x6c, 0x10, 0x97, 0x98, 0x60, 0xe2, 0x6f, 0x10, 0x97, 0x40, 0xe1, 
    0x91, 0x00, 0x00, 0xe1, 0xcd, 0x99, 0xe2, 0x6f, 0x10, 0x93, 0x24, 0x00, 
    0x01, 0xe8, 0x00, 0x00, 0x10, 0x00, 0x00, 0x00, 0x00, 0xe8, 0x06, 0x00, 
    0x20, 0xe1, 0xb0, 0x30, 0x78, 0xe6, 0xfa, 0xff, 0x20, 0xe1, 0x00, 0x2a, 
    0x78, 0xe6, 0xfb, 0xff, 0x4f, 0x30, 0x4a, 0xe1, 0x00, 0xef, 0xa1, 0x67, 
    0x02, 0x60, 0x0a, 0xe1, 0x38, 0x00, 0x20, 0xe1, 0x11, 0x01, 0x62, 0x00, 
    0x24, 0x00, 0x01, 0xe8, 0x00, 0x00, 0x10, 0x00, 0x00, 0xe8, 0x00, 0x00, 
    0x01, 0xe8, 0x00, 0x00, 0x10, 0x00, 0x00, 0x00, 0x10, 0x32, 0x01, 0x32, 
    0x00, 0xe8, 0x00, 0x00, 0x08, 0x60, 0x42, 0x5e, 0x48, 0xb3, 0x11, 0xaf, 
    0x42, 0x30, 0x01, 0xe8, 0x00, 0x00, 0x51, 0x00, 0xfd, 0x05, 0x28, 0x32, 
    0x39, 0x30, 0x00, 0xe8, 0x03, 0x00, 0x0a, 0x30, 0xfa, 0xa1, 0xa8, 0xb1, 
    0x00, 0xe3, 0x1a, 0x00, 0x38, 0xa2, 0xa8, 0xb0, 0x00, 0x60, 0xa8, 0xe6, 
    0x0c, 0x00, 0x40, 0xe1, 0xa0, 0xff, 0x00, 0xe1, 0x10, 0x1e, 0x28, 0xb3, 
    0x00, 0x60, 0x2f, 0x93, 0x68, 0xb3, 0xa8, 0xb3, 0xe8, 0xb3, 0x28, 0xe6, 
    0x10, 0x00, 0x28, 0xe6, 0x11, 0x00, 0x01, 0xe8, 0x00, 0x00, 0xbd, 0x05, 
    0x10, 0x00, 0x00, 0x00, 0x08, 0x32, 0x11, 0x32, 0x80, 0x60, 0x00, 0xe8, 
    0x00, 0x00, 0x82, 0x09, 0x88, 0xad, 0x10, 0x07, 0xc9, 0xb1, 0x01, 0x60, 
    0xc0, 0xb2, 0x42, 0x30, 0x80, 0x64, 0x10, 0x93, 0x4a, 0xb2, 0x41, 0x30, 
    0x09, 0xb2, 0x51, 0xb0, 0x91, 0xb0, 0x82, 0x67, 0xa0, 0x64, 0xd2, 0xb0, 
    0x8a, 0xbe, 0x08, 0xb1, 0x01, 0xe8, 0x00, 0x00, 0x10, 0x00, 0x00, 0x00, 
    0xfc, 0x05, 0x29, 0x32, 0x00, 0xe8, 0x03, 0x00, 0x10, 0x30, 0x6a, 0xac, 
    0x68, 0xad, 0x10, 0xe4, 0x10, 0x00, 0x08, 0x64, 0x10, 0xe6, 0x10, 0x00, 
    0x40, 0x0c, 0x0a, 0x14, 0x28, 0xa1, 0xe9, 0xa0, 0x08, 0x52, 0x10, 0x0a, 
    0x03, 0x1c, 0x42, 0x30, 0x12, 0x20, 0x42, 0x30, 0x12, 0x20, 0x3a, 0x64, 
    0xc0, 0x63, 0xc2, 0x54, 0xca, 0x67, 0x12, 0x20, 0x00, 0x00, 0x40, 0xac, 
    0x40, 0x0c, 0x0e, 0x14, 0x28, 0xa1, 0xe9, 0xa0, 0x08, 0x52, 0x10, 0x0a, 
    0x68, 0xa0, 0x03, 0x1c, 0x09, 0x60, 0x02, 0x20, 0x01, 0x60, 0xff, 0xe3, 
    0x8d, 0xff, 0x00, 0x60, 0x46, 0x20, 0x00, 0x00, 0xc0, 0xa0, 0x98, 0x09, 
    0xec, 0x1f, 0x6a, 0xac, 0xc3, 0xb0, 0x98, 0x52, 0x47, 0xa0, 0xd1, 0xa2, 
    0x0a, 0x0a, 0x0e, 0x1c, 0xcb, 0x50, 0x13, 0x32, 0x21, 0x32, 0x80, 0xa0, 
    0x90, 0x5a, 0x4a, 0x32, 0x88, 0xb0, 0xa2, 0x5a, 0x0a, 0x52, 0x4a, 0x93, 
    0x4f, 0xb0, 0xc8, 0xb0, 0x04, 0x20, 0x1a, 0x50, 0xc0, 0xb0, 0x0f, 0x32, 
    0x6a, 0xad, 0x42, 0x08, 0x02, 0x14, 0x69, 0xbd, 0x00, 0x00, 0x42, 0xac, 
    0x42, 0x0c, 0x03, 0x1c, 0x80, 0xa0, 0x90, 0xb0, 0x00, 0x00, 0x82, 0xac, 
    0x42, 0x0c, 0x03, 0x1c, 0x40, 0xa0, 0x50, 0xb0, 0x00, 0x00, 0x6a, 0xac, 
    0x00, 0x60, 0x40, 0xb0, 0x80, 0xb0, 0xe9, 0xa0, 0xd0, 0xa2, 0x08, 0x50, 
    0xc1, 0xa0, 0x08, 0x50, 0xe8, 0xb0, 0x90, 0xe4, 0x0c, 0x00, 0x00, 0x0c, 
    0x0a, 0x1c, 0x01, 0x60, 0x02, 0x60, 0x42, 0x91, 0x03, 0x20, 0x12, 0x9a, 
    0x09, 0x64, 0xc0, 0xa0, 0x81, 0x09, 0xfc, 0x1f, 0x00, 0x00, 0x00, 0x91, 
    0x01, 0xe8, 0x00, 0x00, 0xbc, 0x05, 0x10, 0x00, 0x10, 0x32, 0x00, 0xe8, 
    0x00, 0x00, 0x23, 0xe1, 0xfb, 0x03, 0xab, 0x4f, 0x19, 0x4d, 0x52, 0x91, 
    0x92, 0xa0, 0x80, 0xc0, 0x1a, 0x18, 0x50, 0xa0, 0x83, 0xc6, 0x80, 0x51, 
    0x51, 0xb0, 0x11, 0xc0, 0x1a, 0x86, 0x11, 0xc0, 0x13, 0x98, 0x83, 0xc6, 
    0x88, 0x11, 0x04, 0xc4, 0x08, 0x60, 0x0b, 0xc4, 0x3f, 0x04, 0x04, 0xc4, 
    0x02, 0x20, 0x90, 0xb0, 0x82, 0xc6, 0x18, 0x40, 0x01, 0xe8, 0x00, 0x00, 
    0x10, 0x00, 0x00, 0x00, 0x11, 0x32, 0xfd, 0x05, 0x00, 0xe8, 0x03, 0x00, 
    0x28, 0x32, 0x80, 0x60, 0x17, 0x91, 0x0f, 0x30, 0xff, 0xe3, 0x60, 0xff, 
    0x10, 0x32, 0x28, 0x93, 0x00, 0x60, 0x17, 0x93, 0xd0, 0xb0, 0x50, 0xb0, 
    0x90, 0xb0, 0x01, 0xe8, 0x00, 0x00, 0xbd, 0x05, 0x10, 0x00, 0x00, 0x00, 
    0x10, 0x32, 0x00, 0xe8, 0x00, 0x00, 0x52, 0x91, 0x51, 0xb0, 0x01, 0xe8, 
    0x00, 0x00, 0x10, 0x00, 0x10, 0x32, 0xfd, 0x05, 0x00, 0xe8, 0x03, 0x00, 
    0x39, 0x30, 0x55, 0x91, 0x6a, 0xa0, 0x68, 0xa1, 0x80, 0xc0, 0x10, 0x18, 
    0xe9, 0xa0, 0x83, 0xc6, 0x80, 0x51, 0x11, 0xc0, 0x10, 0x86, 0x11, 0xc0, 
    0x02, 0x98, 0x83, 0xc6, 0x88, 0x11, 0x0b, 0xc4, 0x3f, 0x00, 0x04, 0xc4, 
    0x08, 0x22, 0xf8, 0x63, 0x40, 0xe1, 0xff, 0x3f, 0x00, 0xe3, 0x32, 0x03, 
    0xaa, 0xa0, 0x69, 0xa1, 0x80, 0xc0, 0x11, 0x18, 0xe8, 0xb0, 0x83, 0xc6, 
    0x80, 0x51, 0x11, 0xc0, 0x11, 0x86, 0x11, 0xc0, 0x0a, 0x98, 0xa9, 0xe4, 
    0x30, 0x00, 0x83, 0xc6, 0x88, 0x11, 0x89, 0x43, 0x0b, 0xc4, 0x3f, 0x04, 
    0x89, 0x42, 0x02, 0xc6, 0x0a, 0x44, 0x04, 0xc4, 0x3a, 0x6e, 0x04, 0xc4, 
    0x38, 0x6e, 0xf8, 0x63, 0x0f, 0x30, 0x40, 0xe1, 0xff, 0x3f, 0x00, 0xe3, 
    0x13, 0x03, 0x6a, 0xa0, 0x80, 0xc0, 0x10, 0x18, 0x28, 0xb1, 0x83, 0xc6, 
    0x80, 0x51, 0x69, 0xa1, 0x11, 0xc0, 0x10, 0x86, 0x11, 0xc0, 0x02, 0x98, 
    0x83, 0xc6, 0x88, 0x11, 0x0b, 0xc4, 0x3f, 0x00, 0x04, 0xc4, 0x08, 0x22, 
    0xf8, 0x63, 0x40, 0xe1, 0xff, 0x3f, 0x00, 0xe3, 0xfd, 0x02, 0x68, 0xb1, 
    0x01, 0xe8, 0x00, 0x00, 0xbd, 0x05, 0x10, 0x00, 0x10, 0x32, 0x68, 0x05, 
    0x00, 0xe8, 0x04, 0x00, 0x77, 0x30, 0xe6, 0x67, 0x10, 0x91, 0xf0, 0xbb, 
    0x29, 0x30, 0x06, 0x30, 0xff, 0xe3, 0xa0, 0xff, 0xfa, 0xb9, 0x06, 0x30, 
    0x0d, 0x30, 0x17, 0xa1, 0xff, 0xe3, 0x9a, 0xff, 0xfa, 0xb9, 0x0f, 0x4d, 
    0x01, 0xe8, 0x00, 0x00, 0x10, 0xa1, 0x08, 0x4d, 0x04, 0xc4, 0x38, 0x2e, 
    0x07, 0x30, 0x28, 0x05, 0x10, 0x00, 0x00, 0x00, 0x10, 0x32, 0x68, 0x05, 
    0x00, 0xe8, 0x04, 0x00, 0x77, 0x30, 0xe6, 0x67, 0x10, 0x91, 0xf0, 0xbb, 
    0x29, 0x30, 0x06, 0x30, 0xff, 0xe3, 0x82, 0xff, 0xfa, 0xb9, 0x06, 0x30, 
    0x0d, 0x30, 0x57, 0xa1, 0xff, 0xe3, 0x7c, 0xff, 0xfa, 0xb9, 0x0f, 0x4d, 
    0x01, 0xe8, 0x00, 0x00, 0x50, 0xa1, 0x08, 0x4d, 0x04, 0xc4, 0x38, 0x2e, 
    0x07, 0x30, 0x28, 0x05, 0x10, 0x00, 0x00, 0x00, 0x10, 0x32, 0x68, 0x05, 
    0x00, 0xe8, 0x04, 0x00, 0x77, 0x30, 0xe6, 0x67, 0x10, 0x91, 0xf0, 0xbb, 
    0x29, 0x30, 0x06, 0x30, 0xff, 0xe3, 0x64, 0xff, 0xfa, 0xb9, 0x06, 0x30, 
    0x0d, 0x30, 0xd7, 0xa0, 0xff, 0xe3, 0x5e, 0xff, 0xfa, 0xb9, 0x0f, 0x4d, 
    0x01, 0xe8, 0x00, 0x00, 0xd0, 0xa0, 0x08, 0x4d, 0x04, 0xc4, 0x38, 0x2e, 
    0x07, 0x30, 0x28, 0x05, 0x10, 0x00, 0x00, 0x00, 0x10, 0x32, 0x00, 0xe8, 
    0x00, 0x00, 0x05, 0xc6, 0x01, 0x00, 0x52, 0x91, 0x90, 0xe6, 0x30, 0x00, 
    0x40, 0x43, 0x02, 0xc6, 0x01, 0x42, 0x91, 0xb0, 0x01, 0xe8, 0x00, 0x00, 
    0x10, 0x00, 0x00, 0x00, 0x11, 0x32, 0xfd, 0x05, 0x00, 0xe8, 0x03, 0x00, 
    0x28, 0x32, 0xa0, 0x61, 0x17, 0x91, 0x0f, 0x30, 0xff, 0xe3, 0x82, 0xfe, 
    0x10, 0x32, 0x28, 0x93, 0x00, 0x60, 0x17, 0x93, 0x50, 0xb0, 0x90, 0xb1, 
    0x50, 0xb1, 0x10, 0xb1, 0xd0, 0xb0, 0xd0, 0xb2, 0x90, 0xb2, 0x50, 0xb2, 
    0x10, 0xb2, 0xd0, 0xb1, 0x01, 0xe8, 0x00, 0x00, 0xbd, 0x05, 0x10, 0x00, 
    0x10, 0x32, 0x00, 0xe8, 0x00, 0x00, 0x52, 0x91, 0x91, 0xb0, 0x01, 0xe8, 
    0x00, 0x00, 0x10, 0x00, 0x10, 0x32, 0x00, 0xe8, 0x00, 0x00, 0x52, 0x91, 
    0x91, 0xb0, 0x01, 0xe8, 0x00, 0x00, 0x10, 0x00, 0x10, 0x32, 0x00, 0xe8, 
    0x00, 0x00, 0x52, 0x91, 0x90, 0xa0, 0xd1, 0xa0, 0x04, 0xc4, 0x08, 0x62, 
    0x52, 0xa0, 0x80, 0xc0, 0x11, 0x18, 0x83, 0xc6, 0x80, 0x51, 0x11, 0xc0, 
    0x11, 0x86, 0x11, 0xc0, 0x0a, 0x98, 0x83, 0xc6, 0x88, 0x11, 0x0b, 0xc4, 
    0x3f, 0x02, 0x04, 0xc4, 0x01, 0x20, 0xd0, 0xb0, 0x01, 0xe8, 0x00, 0x00, 
    0x10, 0x00, 0x00, 0x00, 0x11, 0x32, 0xfd, 0x05, 0x00, 0xe8, 0x03, 0x00, 
    0x28, 0x32, 0x80, 0x60, 0x17, 0x91, 0x0f, 0x30, 0xff, 0xe3, 0x3a, 0xfe, 
    0x10, 0x32, 0x28, 0x93, 0x40, 0xe1, 0xd7, 0x7f, 0x00, 0xe1, 0x4b, 0x0a, 
    0x50, 0xb0, 0x00, 0x60, 0x17, 0x93, 0x90, 0xb0, 0xd0, 0xb0, 0x01, 0xe8, 
    0x00, 0x00, 0xbd, 0x05, 0x10, 0x00, 0x00, 0x00, 0x10, 0x32, 0x00, 0xe8, 
    0x00, 0x00, 0x52, 0x91, 0x91, 0xb0, 0x01, 0xe8, 0x00, 0x00, 0x10, 0x00, 
    0x10, 0x32, 0x00, 0xe8, 0x00, 0x00, 0x52, 0x91, 0x11, 0xb1, 0x01, 0xe8, 
    0x00, 0x00, 0x10, 0x00, 0x10, 0x32, 0x00, 0xe8, 0x00, 0x00, 0x01, 0xe8, 
    0x00, 0x00, 0x10, 0x91, 0x60, 0x64, 0xff, 0xe2, 0x77, 0xff, 0x00, 0x00, 
    0x10, 0x32, 0x00, 0xe8, 0x00, 0x00, 0x01, 0xe8, 0x00, 0x00, 0x10, 0x91, 
    0xe0, 0x64, 0xff, 0xe2, 0x99, 0xff, 0x00, 0x00, 0x10, 0x32, 0x00, 0xe8, 
    0x00, 0x00, 0x01, 0xe8, 0x00, 0x00, 0x10, 0x91, 0xc0, 0x64, 0xff, 0xe2, 
    0x8f, 0xff, 0x00, 0x00, 0x10, 0x32, 0x00, 0xe8, 0x00, 0x00, 0x01, 0xe8, 
    0x00, 0x00, 0x10, 0x91, 0xa0, 0x64, 0xff, 0xe2, 0x85, 0xff, 0x00, 0x00, 
    0x10, 0x32, 0x00, 0xe8, 0x00, 0x00, 0x01, 0xe8, 0x00, 0x00, 0x10, 0x91, 
    0x20, 0x64, 0x00, 0xe2, 0x87, 0x02, 0x00, 0x00, 0x10, 0x32, 0x00, 0xe8, 
    0x00, 0x00, 0x01, 0xe8, 0x00, 0x00, 0x10, 0x91, 0x20, 0x64, 0x00, 0xe2, 
    0x71, 0x02, 0x00, 0x00, 0x10, 0x32, 0xf5, 0x05, 0x00, 0xe8, 0x03, 0x00, 
    0x55, 0x91, 0x45, 0x30, 0xc0, 0x64, 0xff, 0xe3, 0x77, 0xff, 0x75, 0x30, 
    0x38, 0x30, 0x26, 0x64, 0x06, 0x30, 0x0f, 0x30, 0x00, 0xe3, 0x88, 0x02, 
    0xa8, 0xa0, 0x05, 0xc6, 0x07, 0x04, 0x05, 0xc6, 0x00, 0x06, 0x52, 0x43, 
    0x5b, 0x43, 0x02, 0xc6, 0x17, 0x4e, 0x02, 0xc6, 0x18, 0x40, 0x80, 0xc0, 
    0x38, 0x18, 0x83, 0xc6, 0x80, 0x51, 0x11, 0xc0, 0x38, 0x86, 0x11, 0xc0, 
    0x07, 0x98, 0x78, 0x60, 0x10, 0x52, 0x83, 0xc6, 0x88, 0x11, 0x18, 0x52, 
    0x0b, 0xc4, 0x3f, 0x02, 0x02, 0xc6, 0x01, 0x42, 0x06, 0x30, 0x00, 0xe3, 
    0x5f, 0x02, 0x06, 0x30, 0x00, 0xe3, 0x70, 0x02, 0x38, 0x30, 0x45, 0x30, 
    0xa0, 0x64, 0xff, 0xe3, 0x49, 0xff, 0x0f, 0x4d, 0x80, 0xc0, 0x38, 0x18, 
    0x83, 0xc6, 0x80, 0x51, 0x11, 0xc0, 0x38, 0x86, 0x11, 0xc0, 0x07, 0x98, 
    0x83, 0xc6, 0x88, 0x11, 0x45, 0x30, 0x0b, 0xc4, 0x3f, 0x0c, 0xe0, 0x64, 
    0xff, 0xe3, 0x38, 0xff, 0x7d, 0x30, 0x08, 0x30, 0x67, 0x64, 0x07, 0x30, 
    0xff, 0xe3, 0x3e, 0xfe, 0x28, 0xa1, 0x08, 0x0c, 0x0a, 0x18, 0x00, 0x0c, 
    0x0d, 0x1c, 0x10, 0x0c, 0x0b, 0x14, 0x07, 0x30, 0x0e, 0x30, 0xff, 0xe3, 
    0xaf, 0xfe, 0x0a, 0x20, 0x07, 0x30, 0x0e, 0x30, 0xff, 0xe3, 0x8c, 0xfe, 
    0x05, 0x20, 0x07, 0x30, 0x0e, 0x30, 0xff, 0xe3, 0xc3, 0xfe, 0x05, 0x6d, 
    0x08, 0x30, 0x45, 0x30, 0x01, 0xe8, 0x00, 0x00, 0xb5, 0x05, 0xff, 0xe2, 
    0xe9, 0xfd, 0x00, 0x00, 0xfb, 0x05, 0x21, 0x32, 0x00, 0xe8, 0x03, 0x00, 
    0x18, 0x32, 0x20, 0x61, 0x27, 0x91, 0x0f, 0x30, 0xff, 0xe3, 0x68, 0xfd, 
    0x28, 0x32, 0x18, 0x93, 0x00, 0x60, 0x4c, 0x30, 0xa8, 0xb0, 0x28, 0xb1, 
    0x45, 0x30, 0x2f, 0x93, 0x20, 0x64, 0x00, 0xe3, 0x7f, 0x02, 0x45, 0x30, 
    0x4c, 0x30, 0x60, 0x64, 0xff, 0xe3, 0xce, 0xfe, 0x45, 0x30, 0x4c, 0x30, 
    0x00, 0x65, 0x7d, 0x30, 0xff, 0xe3, 0xea, 0xfd, 0xc7, 0x64, 0x07, 0x30, 
    0x4c, 0x30, 0xff, 0xe3, 0x0b, 0xff, 0xb9, 0x61, 0x07, 0x30, 0x91, 0x4f, 
    0xff, 0xe3, 0xe2, 0xfe, 0x27, 0x64, 0x07, 0x30, 0x4c, 0x30, 0xff, 0xe3, 
    0x01, 0xff, 0x21, 0xe1, 0x71, 0x02, 0x07, 0x30, 0xa9, 0x4f, 0xff, 0xe3, 
    0xd7, 0xfe, 0xc7, 0x67, 0x07, 0x30, 0x4c, 0x30, 0xff, 0xe3, 0xf6, 0xfe, 
    0x07, 0x30, 0x01, 0xe8, 0x00, 0x00, 0x01, 0x60, 0xbb, 0x05, 0xff, 0xe2, 
    0xcb, 0xfe, 0x00, 0x00, 0x00, 0xe8, 0x00, 0x00, 0x81, 0x64, 0x01, 0xe8, 
    0x00, 0x00, 0xff, 0xe2, 0xb9, 0xff, 0x00, 0x00, 0x09, 0x60, 0x41, 0xe1, 
    0x00, 0xc0, 0x48, 0x50, 0xfa, 0x63, 0x08, 0x64, 0xfa, 0x4f, 0x00, 0xe8, 
    0x00, 0x00, 0x10, 0x0a, 0x0f, 0x1c, 0x82, 0xc6, 0x81, 0x81, 0x21, 0xe1, 
    0x00, 0x80, 0x41, 0x52, 0x06, 0xc4, 0x08, 0x82, 0x81, 0xc6, 0x09, 0x42, 
    0x20, 0xe1, 0xff, 0x7f, 0x03, 0xc4, 0x08, 0x20, 0x13, 0x20, 0xf8, 0x63, 
    0x40, 0xe1, 0xff, 0x3f, 0x01, 0x09, 0x03, 0x18, 0x00, 0x60, 0x0c, 0x20, 
    0x82, 0xc6, 0x81, 0x01, 0x06, 0xc4, 0x00, 0x80, 0x81, 0xc6, 0x08, 0x40, 
    0x80, 0x42, 0x21, 0xe1, 0xff, 0x7f, 0x04, 0xc4, 0x08, 0x60, 0x01, 0xe8, 
    0x00, 0x00, 0x10, 0x00, 0x09, 0x60, 0x41, 0xe1, 0x00, 0xc0, 0x48, 0x50, 
    0xfa, 0x63, 0x08, 0x64, 0xfa, 0x4f, 0x00, 0xe8, 0x00, 0x00, 0x10, 0x0a, 
    0x0e, 0x1c, 0x82, 0xc6, 0x81, 0x81, 0x21, 0xe1, 0x00, 0x80, 0x41, 0x52, 
    0x89, 0x42, 0x00, 0xc2, 0x49, 0x20, 0x81, 0xc6, 0x11, 0x42, 0x20, 0xe1, 
    0xff, 0x7f, 0x10, 0x20, 0xf8, 0x63, 0x40, 0xe1, 0xff, 0x3f, 0x01, 0x09, 
    0x03, 0x18, 0x00, 0x60, 0x0b, 0x20, 0x82, 0xc6, 0x81, 0x01, 0x00, 0xc2, 
    0x00, 0x20, 0x81, 0xc6, 0x10, 0x40, 0x21, 0xe1, 0xff, 0x7f, 0x03, 0xc4, 
    0x08, 0x20, 0x01, 0xe8, 0x00, 0x00, 0x10, 0x00, 0x68, 0x05, 0x28, 0x30, 
    0x31, 0x30, 0xf8, 0x63, 0x81, 0x4d, 0x00, 0xe8, 0x03, 0x00, 0x40, 0xe1, 
    0xff, 0x7f, 0x00, 0xe3, 0xdf, 0x02, 0x38, 0x30, 0x82, 0xc6, 0x8d, 0x01, 
    0x05, 0xc6, 0x00, 0x06, 0x05, 0xc6, 0x07, 0x04, 0x52, 0x43, 0x5b, 0x43, 
    0x02, 0xc6, 0x17, 0x42, 0x02, 0xc6, 0x18, 0x40, 0x80, 0xc0, 0x08, 0x18, 
    0x83, 0xc6, 0x80, 0x51, 0x11, 0xc0, 0x08, 0x86, 0x11, 0xc0, 0x01, 0x98, 
    0x78, 0x60, 0x83, 0xc6, 0x88, 0x11, 0x10, 0x52, 0x18, 0x52, 0x0b, 0xc4, 
    0x3f, 0x02, 0x02, 0xc6, 0x01, 0x42, 0xf8, 0x63, 0xf8, 0x4f, 0x04, 0xc4, 
    0x30, 0x20, 0x85, 0x08, 0x18, 0x14, 0x0f, 0x50, 0x82, 0xc6, 0x08, 0x44, 
    0x82, 0xc6, 0x78, 0x40, 0x80, 0xc0, 0x00, 0x18, 0x83, 0xc6, 0x80, 0x51, 
    0x11, 0xc0, 0x00, 0x86, 0x11, 0xc0, 0x00, 0x98, 0x83, 0xc6, 0x88, 0x11, 
    0xf9, 0x63, 0x0b, 0xc4, 0x3f, 0x00, 0x81, 0x4f, 0x78, 0x4d, 0x8a, 0x50, 
    0x02, 0x52, 0x22, 0x20, 0xf8, 0x63, 0x40, 0xe1, 0xff, 0x7f, 0x04, 0xc4, 
    0x06, 0x60, 0x05, 0x09, 0x03, 0x10, 0x00, 0x60, 0x19, 0x20, 0x0f, 0x52, 
    0x82, 0xc6, 0x08, 0x44, 0x82, 0xc6, 0x78, 0x40, 0x80, 0xc0, 0x00, 0x18, 
    0x83, 0xc6, 0x80, 0x51, 0x11, 0xc0, 0x00, 0x86, 0x11, 0xc0, 0x00, 0x98, 
    0x83, 0xc6, 0x88, 0x11, 0xf9, 0x63, 0x0b, 0xc4, 0x3f, 0x00, 0x81, 0x4f, 
    0x78, 0x4d, 0x8a, 0x50, 0x82, 0x52, 0x07, 0xc4, 0x10, 0xe0, 0x01, 0xe8, 
    0x00, 0x00, 0x28, 0x05, 0x10, 0x00, 0x00, 0x00, 0x78, 0x05, 0x00, 0xe8, 
    0x03, 0x00, 0x82, 0xc6, 0x88, 0x0f, 0xff, 0xe3, 0x8f, 0xff, 0x04, 0xc4, 
    0x38, 0x6e, 0x0f, 0x4d, 0x07, 0x30, 0x01, 0xe8, 0x00, 0x00, 0x38, 0x05, 
    0x10, 0x00, 0x00, 0x00, 0x68, 0x05, 0x30, 0x30, 0x80, 0x0c, 0x08, 0x60, 
    0x40, 0xe1, 0xff, 0xff, 0x87, 0xe1, 0xff, 0xff, 0x38, 0x07, 0xf8, 0x63, 
    0x40, 0xe1, 0xff, 0x7f, 0x00, 0xe8, 0x03, 0x00, 0x29, 0x30, 0x06, 0x50, 
    0xff, 0xe3, 0x74, 0xff, 0x04, 0xc4, 0x38, 0x2e, 0x06, 0x30, 0x0d, 0x30, 
    0xff, 0xe3, 0x6e, 0xff, 0x04, 0xc4, 0x38, 0x6e, 0x0f, 0x4d, 0x07, 0x30, 
    0x01, 0xe8, 0x00, 0x00, 0x28, 0x05, 0x10, 0x00, 0x10, 0x32, 0x00, 0xe8, 
    0x00, 0x00, 0x52, 0x91, 0x51, 0xa0, 0x90, 0xa0, 0x08, 0x50, 0x50, 0xb0, 
    0x01, 0xe8, 0x00, 0x00, 0x10, 0x00, 0x00, 0x00, 0x10, 0x32, 0x00, 0xe8, 
    0x00, 0x00, 0x52, 0x91, 0x91, 0xb0, 0x01, 0xe8, 0x00, 0x00, 0x10, 0x00, 
    0x10, 0x32, 0x00, 0xe8, 0x00, 0x00, 0x52, 0x91, 0x51, 0xb0, 0x01, 0xe8, 
    0x00, 0x00, 0x10, 0x00, 0x11, 0x32, 0xfd, 0x05, 0x00, 0xe8, 0x03, 0x00, 
    0x28, 0x32, 0x60, 0x60, 0x17, 0x91, 0x0f, 0x30, 0xff, 0xe3, 0x0c, 0xfc, 
    0x10, 0x32, 0x28, 0x93, 0x00, 0x60, 0x50, 0xb0, 0x08, 0x60, 0x17, 0x93, 
    0x90, 0xb0, 0x01, 0xe8, 0x00, 0x00, 0xbd, 0x05, 0x10, 0x00, 0x00, 0x00, 
    0x70, 0x05, 0x30, 0x30, 0xf8, 0x63, 0x39, 0x30, 0x40, 0xe1, 0xff, 0x7f, 
    0x70, 0x52, 0xc1, 0x4d, 0x00, 0xe8, 0x03, 0x00, 0x00, 0xe3, 0x10, 0x02, 
    0x10, 0x30, 0x08, 0x4d, 0x07, 0xc4, 0x00, 0xe6, 0x80, 0xc0, 0x33, 0x18, 
    0x83, 0xc6, 0x80, 0x51, 0x11, 0xc0, 0x33, 0x86, 0x11, 0xc0, 0x1e, 0x98, 
    0xf8, 0x63, 0x83, 0xc6, 0x88, 0x11, 0x40, 0xe1, 0xff, 0x00, 0x0b, 0xc4, 
    0x3f, 0x02, 0x10, 0x52, 0x08, 0x52, 0x80, 0xc0, 0x30, 0x18, 0x83, 0xc6, 
    0x80, 0x51, 0x11, 0xc0, 0x30, 0x86, 0x11, 0xc0, 0x06, 0x98, 0x83, 0xc6, 
    0x88, 0x11, 0x0b, 0xc4, 0x3f, 0x02, 0xb7, 0x08, 0x2c, 0x1c, 0x80, 0xc0, 
    0x17, 0x18, 0x83, 0xc6, 0x80, 0x51, 0x11, 0xc0, 0x17, 0x86, 0x11, 0xc0, 
    0x3a, 0x98, 0x83, 0xc6, 0x88, 0x11, 0x0b, 0xc4, 0x3f, 0x00, 0x80, 0xc0, 
    0x3f, 0x18, 0x83, 0xc6, 0x80, 0x51, 0x11, 0xc0, 0x3f, 0x86, 0x11, 0xc0, 
    0x3f, 0x98, 0x04, 0xc4, 0x08, 0x20, 0x83, 0xc6, 0x88, 0x11, 0x0b, 0xc4, 
    0x3f, 0x02, 0x80, 0xc0, 0x19, 0x18, 0x83, 0xc6, 0x80, 0x51, 0x11, 0xc0, 
    0x19, 0x86, 0x11, 0xc0, 0x0b, 0x98, 0x83, 0xc6, 0x88, 0x11, 0x0b, 0xc4, 
    0x3f, 0x02, 0x04, 0xc4, 0x01, 0x20, 0x82, 0xc6, 0x38, 0x4e, 0x31, 0x20, 
    0x07, 0xc4, 0x30, 0xe0, 0x07, 0x09, 0x2d, 0x14, 0x80, 0xc0, 0x17, 0x18, 
    0x83, 0xc6, 0x80, 0x51, 0x11, 0xc0, 0x17, 0x86, 0x11, 0xc0, 0x3a, 0x98, 
    0x83, 0xc6, 0x88, 0x11, 0x0b, 0xc4, 0x3f, 0x00, 0x80, 0xc0, 0x3f, 0x18, 
    0x83, 0xc6, 0x80, 0x51, 0x11, 0xc0, 0x3f, 0x86, 0x11, 0xc0, 0x3f, 0x98, 
    0x07, 0xc4, 0x08, 0xe2, 0x04, 0xc4, 0x08, 0x22, 0x83, 0xc6, 0x88, 0x11, 
    0x0b, 0xc4, 0x3f, 0x00, 0x80, 0xc0, 0x18, 0x18, 0x83, 0xc6, 0x80, 0x51, 
    0x11, 0xc0, 0x18, 0x86, 0x11, 0xc0, 0x03, 0x98, 0x83, 0xc6, 0x88, 0x11, 
    0x0b, 0xc4, 0x3f, 0x00, 0x04, 0xc4, 0x08, 0x62, 0x82, 0xc6, 0x39, 0x4e, 
    0x07, 0x30, 0x01, 0xe8, 0x00, 0x00, 0x30, 0x05, 0x10, 0x00, 0x00, 0x00, 
    0x10, 0x32, 0x00, 0xe8, 0x00, 0x00, 0x52, 0x91, 0x91, 0xe6, 0x0c, 0x00, 
    0x91, 0xe6, 0x0d, 0x00, 0x01, 0xe8, 0x00, 0x00, 0x10, 0x00, 0x00, 0x00, 
    0x10, 0x32, 0x70, 0x05, 0x00, 0xe8, 0x03, 0x00, 0x31, 0x30, 0x17, 0x91, 
    0x27, 0x64, 0x07, 0x30, 0xff, 0xe3, 0x3e, 0xff, 0x27, 0x64, 0x07, 0x30, 
    0x0e, 0x30, 0x01, 0xe8, 0x00, 0x00, 0x30, 0x05, 0xff, 0xe2, 0x36, 0xff, 
    0x10, 0x32, 0x00, 0xe8, 0x00, 0x00, 0x01, 0xe8, 0x00, 0x00, 0x10, 0x91, 
    0x40, 0x64, 0xff, 0xe2, 0x25, 0xff, 0x00, 0x00, 0x10, 0x32, 0x00, 0xe8, 
    0x00, 0x00, 0x01, 0xe8, 0x00, 0x00, 0x10, 0x91, 0x20, 0x64, 0xff, 0xe2, 
    0x1b, 0xff, 0x00, 0x00, 0x10, 0x32, 0xfd, 0x05, 0x00, 0xe8, 0x03, 0x00, 
    0x55, 0x91, 0x45, 0x30, 0x20, 0x64, 0xff, 0xe3, 0x05, 0xff, 0x45, 0x30, 
    0x40, 0x64, 0xff, 0xe3, 0x01, 0xff, 0xa8, 0xe4, 0x0c, 0x00, 0x08, 0x0c, 
    0x0f, 0x18, 0x00, 0x0c, 0x07, 0x1c, 0x10, 0x0c, 0x10, 0x18, 0x18, 0x0c, 
    0x14, 0x18, 0x07, 0x60, 0x18, 0x20, 0x00, 0x00, 0x6a, 0xac, 0x50, 0xa0, 
    0xff, 0xe3, 0x28, 0xfe, 0x11, 0x20, 0x6a, 0xac, 0x50, 0xa0, 0xff, 0xe3, 
    0xf5, 0xfd, 0x0c, 0x20, 0x6a, 0xac, 0x50, 0xa0, 0x91, 0xa0, 0xff, 0xe3, 
    0xb5, 0xfe, 0x06, 0x20, 0x6a, 0xac, 0x50, 0xa0, 0x91, 0xa0, 0xff, 0xe3, 
    0xbf, 0xfe, 0x87, 0x42, 0xa8, 0xe4, 0x0d, 0x00, 0x08, 0x0c, 0x0f, 0x18, 
    0x00, 0x0c, 0x07, 0x1c, 0x10, 0x0c, 0x10, 0x18, 0x18, 0x0c, 0x14, 0x18, 
    0x01, 0x60, 0x18, 0x20, 0x00, 0x00, 0xaa, 0xac, 0x50, 0xa0, 0xff, 0xe3, 
    0x05, 0xfe, 0x11, 0x20, 0xaa, 0xac, 0x50, 0xa0, 0xff, 0xe3, 0xd2, 0xfd, 
    0x0c, 0x20, 0xaa, 0xac, 0x50, 0xa0, 0x91, 0xa0, 0xff, 0xe3, 0x92, 0xfe, 
    0x06, 0x20, 0xaa, 0xac, 0x50, 0xa0, 0x91, 0xa0, 0xff, 0xe3, 0x9c, 0xfe, 
    0x81, 0x42, 0x82, 0xc6, 0x7f, 0x40, 0x82, 0xc6, 0x79, 0x42, 0x01, 0xe8, 
    0x00, 0x00, 0x04, 0xc4, 0x01, 0x20, 0xbd, 0x05, 0x10, 0x00, 0x00, 0x00, 
    0xfb, 0x05, 0x21, 0x32, 0x00, 0xe8, 0x03, 0x00, 0x18, 0x32, 0x80, 0x60, 
    0x27, 0x91, 0x0f, 0x30, 0xff, 0xe3, 0xd6, 0xfa, 0x28, 0x32, 0x18, 0x93, 
    0x00, 0x60, 0x4c, 0x30, 0x2f, 0x93, 0x7d, 0x30, 0x27, 0x64, 0xa8, 0xe6, 
    0x0c, 0x00, 0xa8, 0xe6, 0x0d, 0x00, 0x07, 0x30, 0xff, 0xe3, 0xb4, 0xfe, 
    0xb9, 0x61, 0x07, 0x30, 0x91, 0x4f, 0xff, 0xe3, 0x9f, 0xfe, 0x07, 0x30, 
    0x01, 0x60, 0xff, 0xe3, 0xa3, 0xfe, 0x27, 0x64, 0x07, 0x30, 0x4c, 0x30, 
    0xff, 0xe3, 0xa6, 0xfe, 0xb9, 0x61, 0x07, 0x30, 0x91, 0x4f, 0xff, 0xe3, 
    0x91, 0xfe, 0x07, 0x30, 0x01, 0xe8, 0x00, 0x00, 0x01, 0x60, 0xbb, 0x05, 
    0xff, 0xe2, 0x92, 0xfe, 0x00, 0xe8, 0x00, 0x00, 0x00, 0x60, 0x01, 0xe8, 
    0x00, 0x00, 0x10, 0x00, 0x01, 0x30, 0x00, 0xe8, 0x00, 0x00, 0x41, 0xe1, 
    0x80, 0xff, 0x01, 0xe1, 0x3c, 0x00, 0x82, 0x60, 0x01, 0xe8, 0x00, 0x00, 
    0xff, 0xe2, 0x28, 0xed, 0xc0, 0x42, 0xd2, 0x60, 0x00, 0xe8, 0x00, 0x00, 
    0x10, 0x0a, 0x4f, 0x14, 0x08, 0x32, 0x4a, 0xe1, 0x80, 0xff, 0x0a, 0xe1, 
    0x44, 0x00, 0x8a, 0x5e, 0x52, 0x91, 0x52, 0x00, 0x40, 0xe1, 0x80, 0xff, 
    0x00, 0xe1, 0x90, 0x3b, 0x01, 0xe8, 0x00, 0x00, 0xff, 0xe2, 0x8c, 0xfc, 
    0x40, 0xe1, 0x80, 0xff, 0x00, 0xe1, 0x90, 0x3b, 0x01, 0xe8, 0x00, 0x00, 
    0xff, 0xe2, 0x7a, 0xfc, 0x40, 0xe1, 0x80, 0xff, 0x00, 0xe1, 0x90, 0x3b, 
    0x01, 0xe8, 0x00, 0x00, 0xff, 0xe2, 0x86, 0xfc, 0x40, 0xe1, 0x80, 0xff, 
    0x00, 0xe1, 0x90, 0x3b, 0x01, 0xe8, 0x00, 0x00, 0xff, 0xe2, 0x46, 0xfc, 
    0x4a, 0xe1, 0x80, 0xff, 0x0a, 0xe1, 0x90, 0x3b, 0x51, 0xb0, 0x21, 0x20, 
    0x40, 0xe1, 0x80, 0xff, 0x00, 0xe1, 0x90, 0x3b, 0x01, 0xe8, 0x00, 0x00, 
    0xff, 0xe2, 0x52, 0xfc, 0x40, 0xe1, 0x80, 0xff, 0x00, 0xe1, 0x90, 0x3b, 
    0x01, 0xe8, 0x00, 0x00, 0xff, 0xe2, 0x40, 0xfc, 0x40, 0xe1, 0x80, 0xff, 
    0x00, 0xe1, 0x90, 0x3b, 0x01, 0xe8, 0x00, 0x00, 0xff, 0xe2, 0x6a, 0xfc, 
    0x40, 0xe1, 0x80, 0xff, 0x00, 0xe1, 0x90, 0x3b, 0x01, 0xe8, 0x00, 0x00, 
    0xff, 0xe2, 0x28, 0xfc, 0x01, 0xe8, 0x00, 0x00, 0x10, 0x00, 0x00, 0x00, 
    0xc4, 0x04, 0x4d, 0xe1, 0x80, 0xff, 0x0d, 0xe1, 0x90, 0x3b, 0x21, 0x32, 
    0x00, 0xe8, 0x03, 0x00, 0x45, 0x30, 0xff, 0xe3, 0x5d, 0xfc, 0x69, 0xa0, 
    0x80, 0xc0, 0x01, 0x18, 0x83, 0xc6, 0x80, 0x51, 0x11, 0xc0, 0x01, 0x86, 
    0x11, 0xc0, 0x08, 0x98, 0x83, 0xc6, 0x88, 0x11, 0x0b, 0xc4, 0x3f, 0x00, 
    0x20, 0x93, 0x60, 0xb0, 0x01, 0xe8, 0x00, 0x00, 0x84, 0x04, 0x10, 0x00, 
    0x78, 0x05, 0x00, 0xe8, 0x05, 0x00, 0x20, 0xe1, 0x00, 0x20, 0xf0, 0xb0, 
    0x00, 0x60, 0x47, 0xe1, 0x80, 0xff, 0x07, 0xe1, 0x48, 0x3b, 0x30, 0xb1, 
    0x42, 0xe1, 0x80, 0xff, 0x02, 0xe1, 0x00, 0x02, 0x07, 0x30, 0x81, 0xe1, 
    0x80, 0xbb, 0xff, 0xe3, 0xd3, 0xf9, 0x40, 0xe1, 0x80, 0xff, 0x0f, 0x30, 
    0x00, 0xe1, 0x90, 0x3b, 0xff, 0xe3, 0xdc, 0xfc, 0xf9, 0x63, 0x30, 0x60, 
    0x41, 0xe1, 0xff, 0x7f, 0xff, 0xe3, 0x6a, 0xff, 0xc8, 0x60, 0x11, 0x60, 
    0xff, 0xe3, 0x66, 0xff, 0xb9, 0x61, 0x08, 0x60, 0x91, 0x4f, 0xff, 0xe3, 
    0x61, 0xff, 0x09, 0x60, 0xc0, 0x60, 0x81, 0x4f, 0xff, 0xe3, 0x5c, 0xff, 
    0x41, 0xe1, 0x6f, 0x32, 0xb0, 0x60, 0x01, 0xe1, 0xbb, 0x6a, 0xff, 0xe3, 
    0x55, 0xff, 0xf9, 0x63, 0x01, 0xe8, 0x00, 0x00, 0xb8, 0x60, 0x41, 0xe1, 
    0xff, 0x7f, 0x38, 0x05, 0xff, 0xe2, 0x4c, 0xff, 0xc8, 0x58, 0x82, 0x43, 
    0x07, 0xc4, 0x02, 0x00, 0x8a, 0x43, 0x07, 0xc4, 0x0a, 0x02, 0x82, 0xc6, 
    0xf8, 0x85, 0x8a, 0x09, 0x44, 0x18, 0x0b, 0x32, 0x82, 0xc6, 0xf9, 0x87, 
    0x05, 0xc6, 0x03, 0x06, 0x02, 0xc6, 0x19, 0x82, 0x82, 0xc6, 0x79, 0x84, 
    0x02, 0x0c, 0x1c, 0x10, 0x05, 0xc6, 0x00, 0x04, 0x02, 0xc6, 0x10, 0x80, 
    0x03, 0xc4, 0x1a, 0x04, 0x12, 0x32, 0x08, 0x08, 0x0c, 0x18, 0x89, 0x4e, 
    0x86, 0x03, 0xa2, 0xe0, 0x02, 0x20, 0x08, 0x42, 0x0a, 0xc6, 0x10, 0x00, 
    0x81, 0x43, 0xc1, 0x0c, 0x01, 0x07, 0x10, 0x00, 0x08, 0x60, 0x02, 0xc6, 
    0x10, 0x80, 0x81, 0x43, 0xc1, 0x0c, 0x01, 0x07, 0x10, 0x00, 0x82, 0xc6, 
    0xf8, 0x85, 0x05, 0xc6, 0x02, 0x04, 0x23, 0xc4, 0x1a, 0x06, 0x82, 0xc6, 
    0x83, 0x87, 0x13, 0x32, 0x02, 0xc6, 0x10, 0x80, 0x08, 0x52, 0xf8, 0x48, 
    0x09, 0x4d, 0xa2, 0xe0, 0x05, 0x20, 0x04, 0xc4, 0x01, 0x84, 0x02, 0x07, 
    0x82, 0xc6, 0x08, 0xc0, 0x0a, 0xc6, 0x18, 0x00, 0x82, 0xc6, 0x08, 0xc0, 
    0x81, 0x43, 0xc1, 0x0c, 0x01, 0x07, 0x10, 0x00, 0x01, 0x0a, 0x00, 0x02, 
    0x81, 0x43, 0x83, 0x0c, 0x01, 0x07, 0x10, 0x00, 0x00, 0xe8, 0x00, 0x00, 
    0x08, 0x30, 0x00, 0x0c, 0x25, 0x18, 0x80, 0x43, 0x88, 0x54, 0x80, 0xe1, 
    0xff, 0xff, 0x02, 0x0a, 0x16, 0x1c, 0xf8, 0x63, 0x40, 0xe1, 0xff, 0x00, 
    0x02, 0x0a, 0xc0, 0x60, 0x81, 0x60, 0x19, 0x07, 0x18, 0x06, 0x03, 0x30, 
    0x42, 0x40, 0x0a, 0x32, 0x4a, 0xe1, 0x80, 0xff, 0x0a, 0xe1, 0xb0, 0x00, 
    0x01, 0xe8, 0x00, 0x00, 0x8a, 0x5a, 0x10, 0x99, 0x18, 0x50, 0x10, 0x00, 
    0x20, 0xe1, 0xff, 0x00, 0x02, 0x0a, 0x40, 0x60, 0x01, 0x60, 0x19, 0x07, 
    0x18, 0x06, 0x03, 0x30, 0xec, 0x2f, 0x00, 0x60, 0x01, 0xe8, 0x00, 0x00, 
    0x10, 0x00, 0x00, 0x00, 0x10, 0x30, 0x80, 0xe1, 0xff, 0xff, 0x00, 0xe8, 
    0x00, 0x00, 0x02, 0x0a, 0x17, 0x14, 0x20, 0xe1, 0xff, 0x00, 0x02, 0x0a, 
    0x41, 0x60, 0x00, 0x60, 0x18, 0x07, 0x19, 0x06, 0xc1, 0x60, 0x00, 0x61, 
    0x08, 0x07, 0x5a, 0x40, 0x0a, 0x32, 0x4a, 0xe1, 0x80, 0xff, 0x0a, 0xe1, 
    0xb0, 0x00, 0x01, 0xe8, 0x00, 0x00, 0x8a, 0x5a, 0x10, 0x99, 0x01, 0x52, 
    0x10, 0x00, 0xf8, 0x63, 0x40, 0xe1, 0xff, 0x00, 0x02, 0x0a, 0x80, 0x60, 
    0xc1, 0x60, 0x18, 0x07, 0x19, 0x06, 0x41, 0x60, 0x08, 0x07, 0xea, 0x2f, 
    0x08, 0x30, 0x00, 0xe8, 0x04, 0x00, 0x00, 0x60, 0xf0, 0xb0, 0x02, 0x60, 
    0x00, 0xe3, 0x54, 0x01, 0x01, 0xe8, 0x00, 0x00, 0x10, 0x00, 0x00, 0x00, 
    0x78, 0x05, 0x00, 0xe8, 0x03, 0x00, 0x38, 0x30, 0x01, 0x60, 0x00, 0xe3, 
    0xa7, 0x01, 0x4a, 0xe1, 0x80, 0xff, 0x0a, 0xe1, 0xb0, 0x01, 0x52, 0x91, 
    0xd1, 0xaf, 0x41, 0x0c, 0x04, 0x18, 0x00, 0x00, 0x42, 0x30, 0x61, 0x00, 
    0x07, 0x30, 0x00, 0xe3, 0x19, 0x02, 0x00, 0x00, 0xf5, 0x05, 0x30, 0x30, 
    0x08, 0x32, 0x78, 0x60, 0x00, 0xe8, 0x00, 0x00, 0x19, 0x30, 0x11, 0x32, 
    0x02, 0x0a, 0x41, 0x1c, 0x31, 0x56, 0x19, 0x60, 0x08, 0x54, 0x00, 0x0c, 
    0x39, 0x14, 0x82, 0x67, 0x82, 0xc6, 0xe2, 0x81, 0x00, 0x32, 0x82, 0x64, 
    0x08, 0x6c, 0xb2, 0xe0, 0x0b, 0x00, 0x10, 0x91, 0x08, 0x93, 0x50, 0xa0, 
    0x48, 0xb0, 0x90, 0xa0, 0x88, 0xb0, 0xd0, 0xa0, 0xc8, 0xb0, 0x81, 0x6c, 
    0x82, 0x6c, 0x02, 0x30, 0x80, 0x67, 0x79, 0x60, 0x88, 0x54, 0x20, 0x4e, 
    0x08, 0x64, 0x20, 0x4f, 0xc3, 0x51, 0xc6, 0x50, 0x1a, 0x0e, 0x16, 0x18, 
    0xe2, 0x67, 0x2a, 0x32, 0x0f, 0x32, 0x03, 0x32, 0x22, 0x64, 0xea, 0x44, 
    0x0a, 0x6c, 0x41, 0x34, 0xb2, 0xe0, 0x03, 0x20, 0x00, 0x9c, 0x00, 0x92, 
    0x02, 0x30, 0xe0, 0x67, 0x19, 0x60, 0x88, 0x54, 0x10, 0x4e, 0x08, 0x64, 
    0x10, 0x4f, 0xc7, 0x51, 0xc3, 0x50, 0x0b, 0x32, 0x17, 0x32, 0x02, 0x0c, 
    0x08, 0x18, 0x00, 0x00, 0x00, 0x00, 0xfa, 0x67, 0x50, 0x98, 0x08, 0x9a, 
    0x02, 0x0c, 0xfc, 0x17, 0x06, 0x30, 0x01, 0xe8, 0x00, 0x00, 0xb5, 0x05, 
    0x10, 0x00, 0x00, 0x00, 0xed, 0x05, 0x30, 0x30, 0x08, 0x32, 0x18, 0x60, 
    0x06, 0x54, 0x00, 0xe8, 0x00, 0x00, 0x29, 0x30, 0x00, 0x0c, 0x0e, 0x18, 
    0x02, 0x0c, 0x4b, 0x18, 0xfa, 0x67, 0x1b, 0x60, 0x04, 0x20, 0x02, 0x0c, 
    0x46, 0x18, 0xfa, 0x67, 0x09, 0x9a, 0x79, 0x30, 0x1f, 0x54, 0x00, 0x0c, 
    0xf9, 0x17, 0x3a, 0x30, 0x41, 0x32, 0x1a, 0x0e, 0x35, 0x1c, 0x68, 0x43, 
    0x82, 0xc6, 0x40, 0x82, 0x41, 0x56, 0x82, 0xc6, 0x81, 0x80, 0xc8, 0x56, 
    0x78, 0x60, 0x02, 0x0a, 0x18, 0x18, 0x82, 0x67, 0x82, 0xc6, 0xe2, 0x8f, 
    0x07, 0x32, 0x51, 0x32, 0x82, 0x64, 0x08, 0x6c, 0xb2, 0xe0, 0x06, 0x00, 
    0x13, 0x93, 0x53, 0xb0, 0x93, 0xb0, 0xd3, 0xb0, 0x82, 0x6c, 0x02, 0x30, 
    0x80, 0x67, 0x79, 0x60, 0xc8, 0x55, 0x20, 0x4e, 0x08, 0x64, 0x20, 0x4f, 
    0x10, 0x32, 0x11, 0x5a, 0x1f, 0x0e, 0x12, 0x18, 0xe7, 0x67, 0x2f, 0x32, 
    0x48, 0x32, 0x27, 0x64, 0xea, 0x44, 0x0a, 0x6c, 0xb2, 0xe0, 0x02, 0x20, 
    0x0b, 0x92, 0x0f, 0x30, 0xe1, 0x67, 0x09, 0x32, 0x18, 0x60, 0xc1, 0x55, 
    0xca, 0x44, 0x0a, 0x6c, 0x10, 0x5e, 0x07, 0x0c, 0x06, 0x18, 0x05, 0x30, 
    0x17, 0x32, 0xb2, 0xe0, 0x02, 0x20, 0x00, 0x9a, 0x06, 0x30, 0x01, 0xe8, 
    0x00, 0x00, 0xad, 0x05, 0x10, 0x00, 0x00, 0x00, 0x78, 0x05, 0x38, 0x30, 
    0x18, 0x60, 0x07, 0x54, 0x00, 0xe8, 0x00, 0x00, 0x00, 0x0c, 0x3b, 0x18, 
    0x00, 0x00, 0x00, 0x00, 0x17, 0x32, 0x50, 0x99, 0x00, 0x0c, 0x31, 0x18, 
    0x0f, 0x30, 0x1a, 0x60, 0x05, 0x20, 0x11, 0x32, 0x50, 0x99, 0x00, 0x0c, 
    0x29, 0x18, 0x09, 0x64, 0x11, 0x54, 0x00, 0x0c, 0xf9, 0x17, 0x11, 0x32, 
    0x42, 0xe1, 0xfe, 0xfe, 0x02, 0xe1, 0xff, 0xfe, 0x10, 0x91, 0x50, 0x50, 
    0xc0, 0x43, 0x41, 0x54, 0x40, 0xe1, 0x80, 0x80, 0x00, 0xe1, 0x80, 0x80, 
    0x41, 0x54, 0x01, 0x0c, 0x11, 0x10, 0x1a, 0x30, 0x10, 0x30, 0x22, 0x6c, 
    0x10, 0x91, 0x58, 0x50, 0xc0, 0x43, 0x41, 0x54, 0x51, 0x54, 0x01, 0x0c, 
    0xf9, 0x1f, 0x50, 0x99, 0x00, 0x0c, 0x07, 0x18, 0x00, 0x00, 0x00, 0x00, 
    0x0a, 0x6c, 0x50, 0x99, 0x00, 0x0c, 0xfd, 0x17, 0x4a, 0x30, 0x39, 0x52, 
    0x01, 0xe8, 0x00, 0x00, 0x38, 0x05, 0x10, 0x00, 0x0f, 0x30, 0xd6, 0x2f, 
    0x70, 0x05, 0x30, 0x30, 0x18, 0x60, 0x06, 0x54, 0x00, 0xe8, 0x00, 0x00, 
    0x09, 0x32, 0x00, 0x0c, 0x22, 0x1c, 0x16, 0x32, 0x50, 0x99, 0x00, 0x0c, 
    0x07, 0x18, 0x00, 0x00, 0x00, 0x00, 0x0a, 0x6c, 0x50, 0x99, 0x00, 0x0c, 
    0xfd, 0x17, 0x01, 0x60, 0x02, 0x0c, 0x10, 0x18, 0x00, 0x00, 0x00, 0x00, 
    0x00, 0x00, 0x48, 0x98, 0x10, 0x9b, 0x00, 0x43, 0x00, 0x0c, 0x08, 0x18, 
    0xfa, 0x67, 0x0a, 0x6c, 0x02, 0x0c, 0xf3, 0x17, 0x11, 0x9b, 0x02, 0x0c, 
    0xf4, 0x17, 0x06, 0x30, 0x01, 0xe8, 0x00, 0x00, 0x30, 0x05, 0x10, 0x00, 
    0x16, 0x32, 0x43, 0xe1, 0xfe, 0xfe, 0x03, 0xe1, 0xff, 0xfe, 0x10, 0x91, 
    0x58, 0x50, 0xc0, 0x43, 0x41, 0x54, 0x40, 0xe1, 0x80, 0x80, 0x00, 0xe1, 
    0x80, 0x80, 0x41, 0x54, 0x01, 0x0c, 0xd1, 0x13, 0x3b, 0x30, 0x18, 0x30, 
    0x22, 0x6c, 0x10, 0x91, 0x78, 0x50, 0xc0, 0x43, 0x41, 0x54, 0x59, 0x54, 
    0x01, 0x0c, 0xf9, 0x1f, 0xc6, 0x2f, 0x00, 0x00, 0x4a, 0xe1, 0x80, 0xff, 
    0xed, 0x05, 0x0a, 0xe1, 0xb0, 0x01, 0x55, 0x91, 0x00, 0xe8, 0x03, 0x00, 
    0x38, 0x30, 0x29, 0x30, 0x28, 0xe5, 0x52, 0x00, 0x32, 0x30, 0x40, 0x0c, 
    0x2f, 0x18, 0x00, 0x00, 0x00, 0x00, 0xfa, 0x68, 0x41, 0xac, 0x51, 0x09, 
    0x2f, 0x10, 0x07, 0x0c, 0x0a, 0x14, 0x88, 0x5e, 0x09, 0x6c, 0x95, 0xb0, 
    0x41, 0xbc, 0x00, 0x60, 0x01, 0xe8, 0x00, 0x00, 0xad, 0x05, 0x10, 0x00, 
    0x09, 0x60, 0x42, 0xa0, 0x00, 0xe4, 0x62, 0x00, 0x91, 0x40, 0x08, 0x56, 
    0x00, 0xe6, 0x62, 0x00, 0x20, 0xe1, 0x42, 0x00, 0x88, 0x5e, 0x50, 0x41, 
    0x08, 0x32, 0x16, 0xe6, 0x22, 0x00, 0x78, 0xa2, 0x17, 0x0c, 0x88, 0x5a, 
    0x10, 0x93, 0x03, 0x18, 0x0a, 0x32, 0xe2, 0x2f, 0x00, 0xe4, 0x63, 0x00, 
    0x08, 0x56, 0x00, 0xe6, 0x63, 0x00, 0x0a, 0x32, 0xdb, 0x2f, 0x2a, 0xe1, 
    0x4c, 0x01, 0x15, 0x5a, 0x28, 0xe7, 0x52, 0x00, 0xcf, 0x2f, 0x4a, 0xe1, 
    0xa0, 0xff, 0x0a, 0xe1, 0x1c, 0x1d, 0x42, 0x0c, 0x03, 0x10, 0xf8, 0x63, 
    0xd2, 0x2f, 0x20, 0xe1, 0x90, 0x01, 0x62, 0x00, 0x00, 0x32, 0x40, 0x0c, 
    0xf9, 0x1b, 0x01, 0x60, 0x41, 0xb0, 0x01, 0xe6, 0x62, 0x00, 0x28, 0xe4, 
    0x52, 0x00, 0x00, 0x93, 0x28, 0xe7, 0x52, 0x00, 0x01, 0xe6, 0x63, 0x00, 
    0x01, 0x68, 0xb8, 0x2f, 0x4a, 0xe1, 0x80, 0xff, 0x0a, 0xe1, 0xb0, 0x01, 
    0x52, 0x91, 0xe3, 0x05, 0x00, 0xe8, 0x06, 0x00, 0x78, 0xb2, 0xfa, 0xbb, 
    0xf9, 0xb9, 0x01, 0x0c, 0x40, 0xe1, 0xa0, 0xff, 0x00, 0xe1, 0xa0, 0x1a, 
    0x05, 0x02, 0x2a, 0xe1, 0x48, 0x01, 0x00, 0x0c, 0x91, 0x5a, 0x00, 0x02, 
    0x21, 0x30, 0xea, 0xbb, 0xb8, 0xe6, 0xf7, 0xff, 0xf9, 0xb9, 0x0c, 0xe5, 
    0x52, 0x00, 0x44, 0x0c, 0x1c, 0x18, 0x00, 0x00, 0x00, 0x00, 0xeb, 0xb9, 
    0x62, 0xac, 0x7a, 0x30, 0xff, 0x67, 0x87, 0x0c, 0x10, 0x18, 0x0a, 0x6c, 
    0x54, 0x5f, 0x0d, 0x02, 0x14, 0x18, 0x00, 0x00, 0x00, 0x00, 0x00, 0x00, 
    0x28, 0xe4, 0x40, 0x00, 0x20, 0x08, 0x0d, 0x18, 0xff, 0x67, 0xe5, 0x6f, 
    0x87, 0x0c, 0xf4, 0x17, 0xb8, 0xe4, 0xf7, 0xff, 0x08, 0x02, 0x30, 0x10, 
    0x01, 0xe8, 0x00, 0x00, 0xa3, 0x05, 0x10, 0x00, 0x60, 0xa0, 0xf8, 0x67, 
    0x6a, 0x91, 0x38, 0x08, 0x20, 0x18, 0x01, 0x68, 0x69, 0x93, 0x42, 0x0c, 
    0xec, 0x1b, 0x00, 0x00, 0x09, 0x60, 0xb9, 0x40, 0x20, 0xe4, 0x62, 0x00, 
    0x01, 0x54, 0x66, 0xa0, 0x00, 0x0c, 0x11, 0x1c, 0x20, 0xe4, 0x63, 0x00, 
    0x01, 0x54, 0x00, 0x0c, 0x10, 0x14, 0x29, 0xe4, 0x20, 0x00, 0x78, 0xa2, 
    0x62, 0x00, 0x60, 0xa0, 0x30, 0x08, 0xbf, 0x17, 0x5a, 0x91, 0x62, 0x08, 
    0xbc, 0x17, 0xd3, 0x2f, 0x62, 0x00, 0xf8, 0x2f, 0x60, 0xb0, 0xe2, 0x2f, 
    0x00, 0x00, 0x28, 0xe4, 0x20, 0x00, 0x62, 0x00, 0xf1, 0x2f, 0x60, 0xa0, 
    0x00, 0x0c, 0x10, 0x14, 0x20, 0x91, 0x00, 0x0c, 0x0f, 0x18, 0x18, 0x93, 
    0x49, 0xe1, 0xa0, 0xff, 0x44, 0x30, 0x09, 0xe1, 0xa0, 0x1a, 0x61, 0x00, 
    0x18, 0x91, 0x00, 0x0c, 0xc2, 0x1b, 0x20, 0x32, 0xa8, 0x2f, 0x00, 0x00, 
    0x20, 0x91, 0x5c, 0x32, 0xf9, 0x2f, 0x00, 0x00, 0x00, 0xe8, 0x00, 0x00, 
    0xa0, 0x00, 0xff, 0x2f, 0x49, 0xe1, 0x80, 0xff, 0x09, 0xe1, 0xc0, 0x01, 
    0x0a, 0xe5, 0xff, 0xff, 0xc5, 0x04, 0x00, 0xe8, 0x03, 0x00, 0x7a, 0x0c, 
    0x07, 0x18, 0x69, 0x32, 0xc5, 0x6f, 0x62, 0x00, 0xea, 0x90, 0x7a, 0x0c, 
    0xfd, 0x17, 0x01, 0xe8, 0x00, 0x00, 0x85, 0x04, 0x10, 0x00, 0x00, 0x00, 
    0x00, 0xe8, 0x03, 0x00, 0x01, 0xe8, 0x00, 0x00, 0x10, 0x00, 0x00, 0x00, 
    0x00, 0xe8, 0x03, 0x00, 0xff, 0xe3, 0x3a, 0xe8, 0xff, 0xe3, 0xe0, 0xff, 
    0x01, 0xe8, 0x00, 0x00, 0x10, 0x00, 0x00, 0xe8, 0x03, 0x00, 0xff, 0xe3, 
    0xf1, 0xe7, 0x01, 0xe8, 0x00, 0x00, 0x10, 0x00, 0x01, 0x80, 0x73, 0xad, 
    0x00, 0x00, 0xa0, 0xff, 0x00, 0x00, 0x00, 0x00, 0x00, 0x00, 0x00, 0x00, 
};
unsigned int bfin_ldr_len = 22404;
